event_id_cnty,event_date,year,time_precision,disorder_type,event_type,sub_event_type,actor1,assoc_actor_1,inter1,actor2,assoc_actor_2,inter2,interaction,civilian_targeting,iso,region,country,admin1,admin2,admin3,location,latitude,longitude,geo_precision,source,source_scale,notes,fatalities,tags,timestamp
SUD4165,"28 December 2011",2011,1,"Political violence",Battles,"Armed clash","JEM: Justice and Equality Movement","SLM/A: Sudan Liberation Movement/Army",2,"NCP: National Congress Party",,3,23,,729,"Northern Africa",Sudan,Khartoum,Khartoum,,Khartoum,15.5699,32.5532,1,"Sudan Tribune",National,"At least twelve students have been injured when violent clashes erupted between student supporters of JEM Darfur rebels and those of the ruling National Congress Party (NCP). The clash was sparked by the killing of a JEM leader over the past weekend.",0,,1706579349
SUD4163,"25 December 2011",2011,1,"Political violence",Battles,"Armed clash","Military Forces of Sudan (1989-2019)",,1,"JEM: Justice and Equality Movement",,2,12,,729,"Northern Africa",Sudan,"West Kordofan","Wad Bandah",,"Wad Bandah",13.1026,27.949,1,"Canadian Press",International,"The Sudanese army said it killed Khalil Ibrahim, the leader of a main Darfur rebel group, JEM, along with thirty of his fighters, during fighting west of the capital Khartoum, touting the death as a key victory over the rebels who had rejected a peace deal with the government. It is unclear if he was the only causality in the fighting.",31,,1618573450
SUD4126,"10 October 2011",2011,1,"Political violence",Battles,"Armed clash","Unidentified Armed Group (Sudan)",,3,"UNMIS: United Nations Mission in Sudan (2005-2011)",,8,38,,729,"Northern Africa",Sudan,"North Darfur","Al Fasher",,"El Fasher",13.6264,25.3559,1,"UN (unspecified)",Other,"Three UN Peacekeepers are killed in Darfur by unknown attackers. The names and nationalities of the slain peacekeepers have not yet been released, but UN said two were soldiers and one was a police adviser. Six other peacekeepers were injured in the ambush, three of them seriously, while one of the assailants was also killed.",4,,1618573447
SUD4117,"20 September 2011",2011,1,"Political violence",Battles,"Armed clash","Military Forces of Sudan (1989-2019)",,1,"JEM: Justice and Equality Movement",,2,12,,729,"Northern Africa",Sudan,"North Darfur","Al Fasher",,"El Fasher",13.6264,25.3559,2,AFP,International,"A clash between Sudanese Forces and members of JEM leaves one dead and a JEM cache of weapons confiscated. The clash took place in extreme Northern Darfur State, where Libya, Chad and Sudan meet.",0,,1618573446
SUD4088,"05 August 2011",2011,1,"Political violence",Battles,"Armed clash","Unidentified Armed Group (Sudan)",,3,"UNMIS: United Nations Mission in Sudan (2005-2011)",,8,38,,729,"Northern Africa",Sudan,"South Darfur",Mershing,,Duma,12.3969,24.977,1,AFP,International,"Gunmen on Friday killed an African UN peacekeeper and badly wounded another in an ambush in Sudans strife-torn Darfur region.",1,,1618573443
SUD4065,"19 June 2011",2011,1,"Political violence",Battles,"Armed clash","SLM/A: Sudan Liberation Movement/Army",,2,"Military Forces of Sudan (1989-2019)",,1,12,,729,"Northern Africa",Sudan,"North Darfur","Dar As Salam",,"Shangil Tobay",13.0206,25.2081,1,"Daily News (Egypt)",International,"Darfur rebels raided a village and killed seven and clashed with government forces.",7,,1632243619
SUD4038,"02 June 2011",2011,1,"Political violence",Battles,"Armed clash","Military Forces of Sudan (1989-2019)",,1,"SLM/A: Sudan Liberation Movement/Army",,2,12,,729,"Northern Africa",Sudan,"West Darfur","El Geneina",,"El Geneina",13.4413,22.4454,3,Reuters,International,"Sudanese government troops fought with rebels in the western Darfur region on Wednesday and Thursday, killing at least two rebel fighters.",0,,1579554683
SUD4035,"01 June 2011",2011,1,"Political violence",Battles,"Armed clash","Military Forces of Sudan (1989-2019)",,1,"SLM/A: Sudan Liberation Movement/Army",,2,12,,729,"Northern Africa",Sudan,"West Darfur","El Geneina",,"El Geneina",13.4413,22.4454,3,Reuters,International,"Sudanese government troops fought with rebels in the western Darfur region on Wednesday and Thursday, killing at least two rebel fighters.",2,,1579554683
SUD3980,"21 April 2011",2011,1,"Political violence",Battles,"Armed clash","Unidentified Armed Group (Sudan)",,3,"UNAMID: United Nations/African Union Hybrid Operation in Darfur (2007-)",,8,38,,729,"Northern Africa",Sudan,"North Darfur",Kutum,,"Fata Borno",14.1416,24.5348,2,"UN (unspecified)",Other,"A peacekeeper serving with the joint United Nations-African Union mission in Darfur was killed today after being abducted by armed men following a firefight in the north.",1,,1613499284
SUD3955,"15 April 2011",2011,1,"Political violence",Battles,"Government regains territory","Military Forces of Sudan (1989-2019)",,1,"JEM: Justice and Equality Movement",,2,12,,729,"Northern Africa",Sudan,"North Darfur","Al Fasher",,"El Fasher",13.6264,25.3559,2,"Sudan Tribune",National,"On Friday evening the spokesperson of the Sudan Armed Forces (SAF), Al-Swarmi Khalid said the government soldiers crashed JEM fighters in Shagig Krow area in North Darfur and took a rebel field hospital, logistics base and vehicles maintenance center.",0,,1632239613
SUD3949,"11 April 2011",2011,2,"Political violence",Battles,"Armed clash","JEM: Justice and Equality Movement","SLM/A: Sudan Liberation Movement/Army",2,"SAF: Sudan Alliance Forces",,3,23,,729,"Northern Africa",Sudan,"North Darfur",Kernoi,,"Umm Baru",15.0207,23.7046,2,Reuters,International,"Fighting has erupted between government forces and rebel groups in Sudans Darfur region. People from both sides were killed when the clashes broke out but no details of casualty numbers.",0,,1632244577
SUD3948,"10 April 2011",2011,2,"Political violence",Battles,"Armed clash","JEM: Justice and Equality Movement","SLM/A: Sudan Liberation Movement/Army",2,"Unidentified Armed Group (Sudan)",,3,23,,729,"Northern Africa",Sudan,"North Darfur","Al Fasher",,"El Fasher",13.6264,25.3559,2,Reuters,International,"A spokesman for the Justice and Equality Movement (JEM), the most powerful Darfur rebel group, said government-backed militia forces attacked its soldiers at the weekend with vehicles and followed that up with air strikes in the coming days. A JEM soldier was killed in fighting.",1,,1632239613
SUD3945,"06 April 2011",2011,1,"Political violence",Battles,"Armed clash","Unidentified Armed Group (Sudan)",,3,"UNAMID: United Nations/African Union Hybrid Operation in Darfur (2007-)",,8,38,,729,"Northern Africa",Sudan,"North Darfur",Kutum,,Kutum,14.2065,24.6499,1,AFP,International,"Gunmen killed a peacekeeper in the western Sudanese region of Darfur after they ambushed a UN convoy and abducted him along with two colleagues.",1,,1561469359
SUD3930,"22 March 2011",2011,1,"Political violence",Battles,"Armed clash","Unidentified Armed Group (Sudan)",,3,"UNAMID: United Nations/African Union Hybrid Operation in Darfur (2007-)",,8,38,,729,"Northern Africa",Sudan,"West Darfur",Beida,,Misterei,13.1229,22.186,2,"UN (unspecified)",Other,"Two peacekeepers from the United Nations-African Union Mission in Darfur (UNAMID) were badly wounded today when they were ambushed and shot by unknown men in what an outraged mission chief called a cowardly attack.",0,,1611012565
SUD3889,"25 February 2011",2011,1,"Political violence",Battles,"Armed clash","Military Forces of Sudan (1989-2019)",,1,"SLM/A: Sudan Liberation Movement/Army",,2,12,,729,"Northern Africa",Sudan,"North Darfur","Al Fasher",,"El Fasher",13.6264,25.3559,2,"All Africa",International,"The Sudanese army said it had attacked a Darfur rebel stronghold to open roads in the central Jabel Marra region and killed 25 rebels.",25,,1632239613
SUD3858,"25 January 2011",2011,1,"Political violence",Battles,"Armed clash","Military Forces of Sudan (1989-2019)",,1,"JEM: Justice and Equality Movement",,2,12,,729,"Northern Africa",Sudan,"South Darfur",Nitega,,Thabit,12.3116,25.0892,1,Reuters,International,"Sudans army clashed with Darfur rebels, peacekeepers said, and insurgents said they shot down a helicopter gunship, killing at least three people.",3,,1632244577
SUD3855,"14 January 2011",2011,1,"Political violence",Battles,"Armed clash","Military Forces of Sudan (1989-2019)",,1,"JEM: Justice and Equality Movement",,2,12,,729,"Northern Africa",Sudan,"South Darfur","Nyala Janoub",,Nyala,12.0556,24.8906,1,Reuters,International,"Sudans army said it clashed with fighters from two rebel factions in Darfur in a four-hour fight that left 21 people dead.",21,,1632239613
SUD3842,"04 January 2011",2011,1,"Political violence",Battles,"Armed clash","Misseriya Ethnic Militia (Sudan)",,4,"Rizeigat Ethnic Militia (Sudan)",,4,44,,729,"Northern Africa",Sudan,"Central Darfur",Zalingi,,Zalingei,12.9075,23.4706,2,"African Press Organization",International,"Coordinates for Zalingei used 2.UNAMID is verifying reports of inter-tribal violence between the Misseriya and Rizeigat communities in Treij village, 22 km south of Zalingei in West Darfur.",0,,1632261228
SUD3840,"26 December 2010",2010,1,"Political violence",Battles,"Armed clash","JEM: Justice and Equality Movement","SLM/A: Sudan Liberation Movement/Army",2,"Military Forces of Sudan (1989-2019)",,1,12,,729,"Northern Africa",Sudan,"North Darfur","Al Fasher",,"El Fasher",13.6264,25.3559,1,AP,International,"Members of JEM said Sudanese soldiers attacked rebel positions in North Darfur near Dar al-Salam, south of the regional capital of El Fasher.",0,,1632239613
SUD3836,"24 December 2010",2010,1,"Political violence",Battles,"Armed clash","JEM: Justice and Equality Movement","SLM/A: Sudan Liberation Movement/Army",2,"Military Forces of Sudan (1989-2019)",,1,12,,729,"Northern Africa",Sudan,"North Darfur","Dar As Salam",,"Shangil Tobay",13.0206,25.2081,1,AP,International,"Members of JEM said Sudanese soldiers attacked rebel positions in North Darfur near Dar al-Salam, south of the regional capital of El Fasher. JEM said three rebels were killed and eight wounded.",3,,1632243619
SUD3839,"24 December 2010",2010,1,"Political violence",Battles,"Armed clash","Military Forces of Sudan (1989-2019)",,1,"JEM: Justice and Equality Movement",,2,12,,729,"Northern Africa",Sudan,"North Darfur","Dar As Salam",,"Shangil Tobay",13.0206,25.2081,1,"Pak Banker",International,"Sudanese government troops have killed at least 40 rebels and wounded many more in a new offensive in the countries troubled Darfur region, a military spokesman was quoted as saying. Captain Khalid Sawarmy said the rebels were killed during fighting in the evening, when Army forces attacked joint positions of two rebel groups - the Justice and Equality Movement and the Sudan Liberation Movement. Three soldiers also died and 13 were wounded in the fighting, Sawarmy said, according to media.",43,,1632243619
SUD3833,"23 December 2010",2010,1,"Political violence",Battles,"Armed clash","Military Forces of Sudan (1989-2019)",,1,"JEM: Justice and Equality Movement",,2,12,,729,"Northern Africa",Sudan,"North Darfur",Kutum,,Kutum,14.2065,24.6499,2,AFP,International,"Darfur rebels groups clashed with the Sudanese army and captured some soldiers, a rebel spokesman told AFP, less than three weeks away from an independence referendum in the south. 'There was fighting today in Dar al-Salam in north Darfur. We defeated government forces, seized weapons, vehicles and captured young soldiers,' Abu Bakr Hamid of the Justice and Equality Movement (JEM) rebel group said.",0,,1604354628
SUD3834,"23 December 2010",2010,1,"Political violence",Battles,"Armed clash","JEM: Justice and Equality Movement","SLM/A: Sudan Liberation Movement/Army",2,"Military Forces of Sudan (1989-2019)",,1,12,,729,"Northern Africa",Sudan,"North Darfur","Dar As Salam",,"Shangil Tobay",13.0206,25.2081,2,"All Africa",International,"A newly announced Darfur rebel alliance led by the Justice and Equality Movement (JEM) inflicted heavy losses on government troops after fierce fighting in Shangili Tobayi, North Darfur state. The fighting took place days following repeated announcements by North Darfur governor Osman Mohamed Yousef Kibir that his state is free of rebel controlled areas after attacks in Shangili Tobayi on SLM-Minni Minnawi forces seen as legitimate target by the regular army.The Alliance of Resistance Forces (ARF) 'scored a major victory against (Sudanese army) at Dar El Salam, 60km south of El-Fashir,' said a military statement released Ali Wafi, military spokesperson of JEM rebels.",0,,1632243619
SUD3826,"18 December 2010",2010,1,"Political violence",Battles,"Armed clash","Military Forces of Sudan (1989-2019)",,1,"SLM/A: Sudan Liberation Movement/Army",,2,12,,729,"Northern Africa",Sudan,"South Darfur",Nitega,,"Khor Abeche",12.6468,25.2702,2,"Al Jazeera",International,"As many as 12,000 people have fled following fresh fighting between army and Darfur rebels in Sudan, according to the United Nations. Sudans army has clashed with fighters in the South Darfur village of Khor Abeche at least three times this month, drawing sharp criticism from UN envoys. Sudans army attacked fighters from the Sudan Liberation Movement loyal to Minni Minnawi last week and fighting continued.",0,,1632244577
SUD3824,"17 December 2010",2010,1,"Political violence",Battles,"Armed clash","Military Forces of Sudan (1989-2019)",,1,"SLM/A: Sudan Liberation Movement/Army",,2,12,,729,"Northern Africa",Sudan,"South Darfur",Nitega,,"Khor Abeche",12.6468,25.2702,2,Reuters,International,"Sudans army clashed with Darfur rebels for a third time in a week, a day after U.N. envoys criticized Khartoum for launching attacks on the insurgent force, peacekeepers said. Government soldiers exchanged fire with the Sudan Liberation Movement (SLM) loyal to Minni Acrua Minnawi in the south Darfur village of Khor Abeche for more than two hours in the afternoon, the regions joint U.N./African Union UNAMID peacekeepers said.",0,,1632244577
SUD3822,"16 December 2010",2010,1,"Political violence",Battles,"Armed clash","Military Forces of Sudan (1989-2019)",,1,"SLM/A: Sudan Liberation Movement/Army",,2,12,,729,"Northern Africa",Sudan,"South Darfur",Nitega,,"Khor Abeche",12.6468,25.2702,2,Reuters,International,"Sudans army clashed with Darfur rebels for a second time in a week, a day after U.N. envoys criticized Khartoum for launching attacks on the insurgent force, peacekeepers said. Government soldiers exchanged fire with the Sudan Liberation Movement (SLM) loyal to Minni Acrua Minnawi in the south Darfur village of Khor Abeche for more than two hours in the afternoon, the regions joint U.N./African Union UNAMID peacekeepers said.",0,,1632244577
SUD3817,"13 December 2010",2010,1,"Political violence",Battles,"Armed clash","Military Forces of Sudan (1989-2019)",,1,"SLM/A: Sudan Liberation Movement/Army",,2,12,,729,"Northern Africa",Sudan,"South Darfur",Nitega,,"Khor Abeche",12.6468,25.2702,2,"All Africa",International,"UNAMID reports that a ground attack was carried out today at approximately 11:00hrs by Sudanese Armed Forces on Khor Abeche, a village in South Darfur, located 80km northeast of Nyala.",0,,1632244577
SUD3814,"10 December 2010",2010,1,"Political violence",Battles,"Armed clash","Military Forces of Sudan (1989-2019)",,1,"SLM/A: Sudan Liberation Movement/Army",,2,12,,729,"Northern Africa",Sudan,"South Darfur",Nitega,,"Khor Abeche",12.6468,25.2702,2,"All Africa",International,"Sudanese government forces and rebel Justice and Equality Movement (JEM) clashed in South Darfur state for the first time since several months, the two parties said. The fighting took place at Khor Taan, 50km east of South Darfur state capital, Nyala. None of the two belligerents provided the details of human causalities but JEM claimed capturing 13 vehicles.",0,,1632244577
SUD3793,"06 November 2010",2010,1,"Political violence",Battles,"Government regains territory","Military Forces of Sudan (1989-2019)",,1,"JEM: Justice and Equality Movement",,2,12,,729,"Northern Africa",Sudan,"North Darfur","Al Fasher",,"El Fasher",13.6264,25.3559,2,"Sudan Tribune",National,"Government troops defeated rebels from the Justice and Equality Movement (JEM) near the Chadian border in Um Faniya, 25k North-East of Kornoi, in North Darfur state.",0,,1632239613
SUD3792,"06 November 2010",2010,1,"Political violence",Battles,"Armed clash","Military Forces of Sudan (1989-2019)",,1,"JEM: Justice and Equality Movement",,2,12,,729,"Northern Africa",Sudan,"North Darfur",Kernoi,,"Umm Baru",15.0207,23.7046,2,AFP,International,"The army attempted to take control of water sources between Umm Barru and Kornoi (in North Darfur), fighting broke out and JEM claimed victory.",0,,1632244577
SUD3790,"05 November 2010",2010,1,"Political violence",Battles,"Armed clash","Unidentified Armed Group (Sudan)",,3,"UNMIS: United Nations Mission in Sudan (2005-2011)",,8,38,,729,"Northern Africa",Sudan,"North Darfur","Al Fasher",,"El Fasher",13.6264,25.3559,2,AFP,International,"Militants shot and wounded a UN peacekeeper in north Darfur.",0,,1632239613
SUD3791,"05 November 2010",2010,1,"Political violence",Battles,"Armed clash","Military Forces of Sudan (1989-2019)",,1,"JEM: Justice and Equality Movement",,2,12,,729,"Northern Africa",Sudan,"West Kordofan","Al Idia",,"El Hamari",11.7667,27.3833,1,"Sudan Tribune",National,"Darfur rebel Justice and Equality Movement (JEM) clashed with the Sudanese army at Hamari, south of Ghibaisha town in North Kordofan.",0,,1632244577
SUD3788,"03 November 2010",2010,1,"Political violence",Battles,"Armed clash","Police Forces of Sudan (1989-2019)",,1,"JEM: Justice and Equality Movement",,2,12,,729,"Northern Africa",Sudan,"South Darfur","Nyala Janoub",,Nyala,12.0556,24.8906,2,AFP,International,"JEM clashed with police in South Darfur, who were escorting a convoy of nearly 100 lorries to south Sudan, with 37 police killed in the fighting and an estimated 60 dead among the rebels, according to UN officials.",97,,1632239613
SUD3787,"03 November 2010",2010,2,"Political violence",Battles,"Government regains territory","Military Forces of Sudan (1989-2019)",,1,"JEM: Justice and Equality Movement",,2,12,,729,"Northern Africa",Sudan,"North Darfur",Kernoi,,Furawiya,15.353,23.6116,1,AFP,International,"The SAF said it had destroyed the JEM forces in Furawiya, a rebel stronghold in a desert region of North Darfur.",0,,1632244577
SUD3772,"08 October 2010",2010,2,"Political violence",Battles,"Armed clash","Unidentified Armed Group (Sudan)",,3,"UNMIS: United Nations Mission in Sudan (2005-2011)",,8,38,,729,"Northern Africa",Sudan,"North Darfur","Al Fasher",,"El Fasher",13.6264,25.3559,1,AP,International,"As the U.N. delegation arrived in Darfur, armed men raided a residence housing three international peacekeepers in downtown El Fasher, the capital of the North Darfur state, according to UNAMID spokesman Chris Cycmanick. 8 Cycmanick said three gunmen initially grabbed the peacekeepers and made away in a UNAMID car. Two of the abducted managed to escape from the moving vehicle, while the third -- a Hungarian civilian -- is still missing. It was the first attack on the mission in central El Fasher. Cycmanick said the getaway car was later found abandoned in town.",0,,1632239613
SUD3773,"08 October 2010",2010,1,"Political violence",Battles,"Armed clash","Military Forces of Sudan (1989-2019)",,1,"SLM/A: Sudan Liberation Movement/Army",,2,12,,729,"Northern Africa",Sudan,"North Darfur","Al Fasher",,"El Fasher",13.6264,25.3559,2,"All Africa",International,"Sudanese army acknowledged today attacking rebel controlled areas in central Darfur mountainous area of Jebel Marra, saying it has successfully cleared the presence of Sudan Liberation Movement (SLM) led by Abd al-Wahid Al-Nur in different locations.",0,,1632239613
SUD3769,"06 October 2010",2010,1,"Political violence",Battles,"Armed clash","Military Forces of Sudan (1989-2019)",,1,"URFF: United Revolutionary Forces Front",,2,12,,729,"Northern Africa",Sudan,"North Darfur","Al Fasher",,"El Fasher",13.6264,25.3559,2,AFP,International,"Darfurs only Arab rebel leader has been killed in fighting in the war-torn western region of Sudan, where minority rebels are locked in conflict with the central government. Ibrahim al-Zubaidi, the head of the United Revolutionary Force Front, was killed in battle with Sudanese troops.",1,,1632239613
SUD3765,"27 September 2010",2010,1,"Political violence",Battles,"Armed clash","Al-Saada Ethnic Militia (Sudan)",,4,"Rizeigat Ethnic Militia (Sudan)",,4,44,,729,"Northern Africa",Sudan,"South Darfur","Nyala Janoub",,Nyala,12.0556,24.8906,2,"All Africa",International,"About 13 people were killed and 29 others wounded in renewed clashes between Al-Saada and Rizayqat tribes in south Darfur State.",13,,1632239613
SUD3766,"27 September 2010",2010,1,"Political violence",Battles,"Armed clash","Military Forces of Sudan (1989-2019)",,1,"SLM/A: Sudan Liberation Movement/Army",,2,12,,729,"Northern Africa",Sudan,"South Darfur","Sharg Aj Jabal",,Deribat,13.081,24.5221,1,Reuters,International,"Darfur rebels accused Sudans army of killing at least two civilians during a raid on a refugee camp, the latest violence to hit the camps during a suspension of a faltering peace process for Ramadan. However, one resident in Zalingei in the western region confirmed there had been clashes in the camps surrounding the town and that two people had been killed, although she could not say whether government forces were involved.",2,,1632244577
SUD3764,"25 September 2010",2010,1,"Political violence",Battles,"Armed clash","Military Forces of Sudan (1989-2019)",,1,"SLM/A: Sudan Liberation Movement/Army",,2,12,,729,"Northern Africa",Sudan,"Central Darfur",Zalingi,,Zalingei,12.9075,23.4706,1,"All Africa",International,"A force of infantry belonging to the Sudanese Armed Forces (SAF) attacked the positions of one of Darfurs armed movements in the region of Mara West of Zalingei.. The Citizen newspaper contacted the official Spokesman of the Armed Forces Lt-Col Al-Sawarmi Khalid yesterday and asked him to provide further details of the assault. 'Our forces attacked a renegade armed group in the Mara region along the Zalengei-Al-Junaynah road which had been harassing the citizens of the area and imposing illegal checkpoints and collecting road taxes,' Khalid said adding that a total of three Sudanese Armed Forces (SAF) soldiers were wounded and five of the renegade group killed. THE CITIZEN Newspaper also contacted its source in one of Darfurs civil society organizations who requested anonymity and he confirmed that an attack by government forces against forces loyal to the Sudan Liberation Movement / Army (SLM/A)",5,,1632261228
SUD3762,"21 September 2010",2010,1,"Political violence",Battles,"Armed clash","Unidentified Armed Group (Sudan)",,3,"UNMIS: United Nations Mission in Sudan (2005-2011)",,8,38,,729,"Northern Africa",Sudan,"South Darfur","Nyala Janoub",,Nyala,12.0556,24.8906,2,"Sudan Tribune",National,"Gunmen attacked two Sudanese working with the hybrid peacekeeping mission in South Darfur, the UNAMID. 'Two UNAMID national staff members in Muhajeria, in South Darfur were attacked and wounded by armed men at their residence, the hybrid mission stated..",0,,1632239613
SUD3746,"18 August 2010",2010,1,"Political violence",Battles,"Armed clash","Misseriya Ethnic Militia (Sudan)",,4,"Rizeigat Ethnic Militia (Sudan)",,4,44,,729,"Northern Africa",Sudan,"South Darfur",Kas,,Kass,12.5052,24.2855,1,"All Africa",International,"37 people were killed and 19 others wounded, in renewed clashes between the Misseriya and Rizayqat tribes in Kass area in south Darfur state.",37,,1632244577
SUD3745,"14 August 2010",2010,1,"Political violence",Battles,"Armed clash","Unidentified Armed Group (Sudan)",,3,"UNMIS: United Nations Mission in Sudan (2005-2011)",,8,38,,729,"Northern Africa",Sudan,"South Darfur","Nyala Janoub",,Nyala,12.0556,24.8906,1,"All Africa",International,"United Nations Mission in Darfur (UNAMID) peacekeepers were kidnapped in Nyala, the capital of southern Darfur on [14 August], said the hybrid mission.",0,,1632239613
SUD3733,"29 July 2010",2010,1,"Political violence",Battles,"Armed clash","Unidentified Armed Group (Sudan)","Refugees/IDPs (Sudan)",3,"Unidentified Armed Group (Sudan)","Refugees/IDPs (Sudan)",3,33,,729,"Northern Africa",Sudan,"South Darfur",Beliel,,Kalma,12.012,24.9994,2,"Africa Research Bulletin; BBC News",Other-International,"Four people were killed and three others wounded in renewed clashes between pro and anti Doha negotiations in IDPs Kalma camp, one the biggest camps in Southern Darfur. Miraya correspondent in Darfur said that clashes started when armed men supporting Doha talks obstructed a march of people who were heading towards UNAMID office to hand a memorandum protesting against the talks between Liberation and Justice Movement and the government. African Research Bulletin- Sept 20th- Deadly clashes erupted in the Kalma camp in late July, following the latest round of peace negotiations in Qatar's capital of Doha. Protesters of the Abdul-Wahid Mohamed el-Nur faction of the Sudan Liberation Army (SLA) who felt they were inadequately represented in the Doha talks, faced off with supporters of the peace negotiations in gun-battles that resulted in the deaths of eight IDPs.",4,,1711409527
SUD3729,"25 July 2010",2010,1,"Political violence",Battles,"Armed clash","SLM/A-Nur: Sudan Liberation Movement/Army (Abdul Wahid al-Nur Faction)",,2,"Police Forces of Sudan (1989-2019)",,1,12,,729,"Northern Africa",Sudan,"South Darfur","Nyala Janoub",,Nyala,12.0556,24.8906,2,"All Africa",International,"The Sudan Liberation Movement, Abd al-Wahid al-Nur faction, has said that IDPs clashed with police forces during the disarmament process that authorities have launched recently in Southern Darfur. According to UNAMID police, gunmen identifying themselves as members of the Sudan Liberation Army-Abd al-Wahid faction (SLA-AW) began shooting indiscriminately in the camp.",0,,1632239613
SUD3727,"16 July 2010",2010,2,"Political violence",Battles,"Armed clash","Military Forces of Sudan (1989-2019)",,1,"JEM: Justice and Equality Movement",,2,12,,729,"Northern Africa",Sudan,"North Darfur","Al Fasher",,Koma,14.0167,25.8833,1,"Al Jazeera",International,"Sudans army clashed with Darfur rebels for a third time in a week, a day after U.N. envoys criticized Khartoum for launching attacks on the insurgent force, peacekeepers said. Government soldiers exchanged fire with the Sudan Liberation Movement (SLM) loyal to Minni Acrua Minnawi in the south Darfur village of Khor Abeche for more than two hours in the afternoon, the regions joint U.N./African Union UNAMID peacekeepers said.",0,,1632244577
SUD3725,"12 July 2010",2010,1,"Political violence",Battles,"Armed clash","Military Forces of Sudan (1989-2019)",,1,"JEM: Justice and Equality Movement",,2,12,,729,"Northern Africa",Sudan,"South Darfur","Nyala Janoub",,Nyala,12.0556,24.8906,2,"All Africa",International,"The army reported clashes involving JEM, one of the most militarized groups in Darfur, and its soldiers in the strategic Adula region between southern Darfur, northern Darfur and nearby Northern Kurdufan State.",0,,1632239613
SUD3713,"22 June 2010",2010,1,"Political violence",Battles,"Armed clash","Military Forces of Sudan (1989-2019)",,1,"JEM: Justice and Equality Movement",,2,12,,729,"Northern Africa",Sudan,"South Darfur","Nyala Janoub",,Nyala,12.0556,24.8906,2,"Sudan Tribune",National,"coordinates for Nyala used 2.JEM military spokesperson said they clashed with the Sudanese army near Um Katkout, near Nyala, in Southern Darfur. 110k south-east of El Fashir and 90K from Nyala. Both sides claimed inflecting heavy causalities on the other side",10,,1632239613
SUD3712,"22 June 2010",2010,1,"Political violence",Battles,"Armed clash","Military Forces of Sudan (1989-2019)",,1,"JEM: Justice and Equality Movement",,2,12,,729,"Northern Africa",Sudan,"North Darfur","Al Fasher",,"El Fasher",13.6264,25.3559,2,"Sudan Tribune",National,"Rebels of the Justice and Equality Movement (JEM) clashed with the Sudanese army in the restive region of Darfur in Uzban Dooma, 120 km southeast of El Fasher.",0,,1632239613
SUD3705,"21 June 2010",2010,1,"Political violence",Battles,"Armed clash","Military Forces of Sudan (1989-2019)",,1,"JEM: Justice and Equality Movement",,2,12,,729,"Northern Africa",Sudan,"North Darfur","Al Fasher",,"El Fasher",13.6264,25.3559,2,"Sudan Tribune",National,"Rebels of the Justice and Equality Movement (JEM) clashed with the Sudanese army in the restive region of Darfur in Uzban Dooma, 120 km southeast of El Fasher.",0,,1632239613
SUD3706,"21 June 2010",2010,1,"Political violence",Battles,"Armed clash","Unidentified Armed Group (Sudan)",,3,"UNMIS: United Nations Mission in Sudan (2005-2011)",,8,38,,729,"Northern Africa",Sudan,"South Darfur",Kateila,,Katayla,11.1922,24.3986,2,"Sudan Tribune",National,"United Nations peacekeeping mission lost three Rwandan soldiers killed during an attack against its troops based in Western Darfur near Katila village, 85km south of Edd al Fursan. 1. Coordinates are 85 km due South of Edd al Fursan (LK)",3,,1632244577
SUD3696,"15 June 2010",2010,1,"Political violence",Battles,"Armed clash","Misseriya Ethnic Militia (Sudan)",,4,"Mahadi Ethnic Militia (Sudan)",,4,44,,729,"Northern Africa",Sudan,"Central Darfur","Gharb Jabal Marrah",,Taringa,12.9699,24.0577,1,"Sudan Tribune",National,"Clashes ongoing in West Darfur between Misseriya and Mahadi tribes in Taringa village, approximately 77km from Zalingei.",0,,1632244577
SUD3692,"14 June 2010",2010,1,"Political violence",Battles,"Armed clash","Misseriya Ethnic Militia (Sudan)",,4,"Mahadi Ethnic Militia (Sudan)",,4,44,,729,"Northern Africa",Sudan,"Central Darfur","Gharb Jabal Marrah",,Taringa,12.9699,24.0577,1,"Sudan Tribune",National,"Clashes ongoing in West Darfur between Misseriya and Mahadi tribes in Taringa village, approximately 77km from Zalingei.",0,,1632244577
SUD3685,"08 June 2010",2010,1,"Political violence",Battles,"Armed clash","Military Forces of Sudan (1989-2019)",,1,"JEM: Justice and Equality Movement",,2,12,,729,"Northern Africa",Sudan,"North Darfur",Melit,,Kadada,14.5944,26.0339,1,"African Press Organization",International,"Reports of an ambush of a Sudanese military convoy by Justice and Equality Movement (JEM) forces in Um Kadada region of North Darfur.",0,,1632243619
SUD3680,"03 June 2010",2010,1,"Political violence",Battles,"Armed clash","Military Forces of Sudan (1989-2019)",,1,"JEM: Justice and Equality Movement",,2,12,,729,"Northern Africa",Sudan,"North Darfur","El Taweisha",,"El Taweisha",12.3003,26.6997,1,"Sudan Tribune",National,"JEM was involved clashes in Uzban Douma and Tawaisha in southern Darfur.",0,,1613499284
SUD3674,"31 May 2010",2010,1,"Political violence",Battles,"Armed clash","Military Forces of Sudan (1989-2019)",,1,"SLM/A: Sudan Liberation Movement/Army",,2,12,,729,"Northern Africa",Sudan,"North Darfur","Al Fasher",,"El Fasher",13.6264,25.3559,2,Bloomberg,International,"On 31 May 2010, military forces clashed with Sudan Liberation Movement/Army (SLM/A) around El Fasher (Al Fasher, North Darfur). No further information. Casualties unknown.",0,,1667861440
SUD3673,"31 May 2010",2010,1,"Political violence",Battles,"Armed clash","Military Forces of Sudan (1989-2019)",,1,"JEM: Justice and Equality Movement",,2,12,,729,"Northern Africa",Sudan,"North Darfur","El Taweisha",,"Sigeir Umm Sa",12.0097,26.2174,1,Bloomberg,International,"On 31 May 2010, there was a clash between military forces and members of the Justice and Equality Movement (JEM) in Sigeir Umm Sa (El Taweisha, North Darfur). No further information. Casualties unknown.",0,,1667861440
SUD3643,"23 April 2010",2010,1,"Political violence",Battles,"Armed clash","Military Forces of Southern Sudan (2005-2011)",,1,"Rizeigat Ethnic Militia (Sudan)",,4,14,,729,"Northern Africa",Sudan,"South Darfur","Al Radoum",,Radom,9.8252,24.8466,1,VOA,International,"Clashes somewhere on the border between Darfur and Bahr al Ghazal. Rizaiqat report unconfirmed. SPLA claims it fought SAF. Unclear how many killed on each side. 80 wounded.",55,,1618501483
SUD3598,"24 February 2010",2010,1,"Political violence",Battles,"Armed clash","Military Forces of Sudan (1989-2019)",,1,"SLM/A: Sudan Liberation Movement/Army",,2,12,,729,"Northern Africa",Sudan,"South Darfur","Sharg Aj Jabal",,Deribat,13.081,24.5221,1,AFP,International,"On 24 February 2010, military forces clashed with Sudan Liberation Movement/Army (SLM/A) in Deribat (Sharg Aj Jabal, South Darfur). The attack triggered residents to flee the area. Casualties unknown.",0,,1667861440
SUD3595,"19 February 2010",2010,1,"Political violence",Battles,"Armed clash","Military Forces of Sudan (1989-2019)",,1,"SLM/A: Sudan Liberation Movement/Army",,2,12,,729,"Northern Africa",Sudan,"South Darfur","Sharg Aj Jabal",,Feina,12.8825,24.4881,1,Bloomberg,International,"On 19 February 2010, military forces clashed with Sudan Liberation Movement/Army (SLM/A) in Feina (Sharg Aj Jabal, South Darfur). No further information. Casualties unknown.",0,,1667861440
SUD3577,"30 January 2010",2010,1,"Political violence",Battles,"Armed clash","Military Forces of Sudan (1989-2019)",,1,"JEM: Justice and Equality Movement",,2,12,,729,"Northern Africa",Sudan,"West Darfur","Jebel Moon",,"Jebel Moon",14.1492,22.7347,1,"World Tribune",International,"On 30 January 2010, there was a clash between military forces and members of the Justice and Equality Movement (JEM) in Jebel Moon (Jebel Moon, West Darfur), leading to 15 deaths. No further information. 15 fatalities.",15,,1667861440
SUD3517,"21 October 2009",2009,1,"Political violence",Battles,"Armed clash","Police Forces of Sudan (1989-2019)",,1,"LRA: Lords Resistance Army",,2,12,,729,"Northern Africa",Sudan,"Bahr el Ghazal","Western Bahr El Ghazal",,Raja,8.4624,25.681,1,"All Africa",International,"LRA attacks Southern Sudan Police (SSP) at Darfur IDP camp",0,,1615996824
SUD3497,"10 October 2009",2009,2,"Political violence",Battles,"Armed clash","Military Forces of Sudan (1989-2019)",,1,"LRA: Lords Resistance Army",,2,12,,729,"Northern Africa",Sudan,"South Darfur","Nyala Janoub",,Nyala,12.0556,24.8906,2,"All Africa",International,"South Darfur State government reports that their forces have repulsed and killed LRA fighters who were trying to infiltrate the region. No specifics on deaths or location given",10,,1632239613
SUD3492,"06 October 2009",2009,1,"Political violence",Battles,"Armed clash","Military Forces of Sudan (1989-2019)",,1,"Unidentified Armed Group (Sudan)",,3,13,,729,"Northern Africa",Sudan,"South Darfur",Tulus,,Daffaq,11.2296,25.0491,1,"All Africa",International,"On 6 October 2009, Military Forces of Sudan (1989-2019) and Unidentified Armed Group (Sudan) engaged in battles in Daffaq (South Darfur, Tulus). No fatalities.",0,,1669071211
SUD3476,"07 September 2009",2009,1,"Political violence",Battles,"Armed clash","Military Forces of Sudan (1989-2019)",,1,"SLM/A: Sudan Liberation Movement/Army",,2,12,,729,"Northern Africa",Sudan,"North Darfur","Al Fasher",,Korma,13.8523,24.7548,1,"Sudan Tribune",National,"On 7 September 2009, Military Forces of Sudan (1989-2019) and SLM/A: Sudan Liberation Movement/Army engaged in battles in Korma (North Darfur, Al Fasher). There were 7 fatalities.",7,,1669071217
SUD3475,"07 September 2009",2009,1,"Political violence",Battles,"Armed clash","Military Forces of Sudan (1989-2019)",,1,"SLM/A: Sudan Liberation Movement/Army",,2,12,,729,"Northern Africa",Sudan,"North Darfur",Kutum,,"Ein Siro",14.4122,24.3088,1,"Sudan Tribune",National,"On 7 September 2009, Military Forces of Sudan (1989-2019) and SLM/A: Sudan Liberation Movement/Army engaged in battles in Ein Siro (North Darfur, Kutum). There were 4 fatalities.",4,,1713830573
SUD3421,"15 July 2009",2009,2,"Political violence",Battles,"Armed clash","Military Forces of Chad (1990-2021)",,8,"UFR: Union of Forces for Resistance",,2,28,,729,"Northern Africa",Sudan,"West Darfur",Kereneik,,"Um Dukhn",13.4832,22.9832,1,"AFP; Sudanese Media Center",National-International,"Sudanese media reporting that Chadian military forces launched air raids inside Sudanese territory in Darfur; Chadian government denies claim, saying it targeted rebel forces within its own territory,near the Sudanese border.",0,,1632244577
SUD3414,"30 June 2009",2009,1,"Political violence",Battles,"Armed clash","Unidentified Armed Group (Sudan)",,3,"UNAMID: United Nations/African Union Hybrid Operation in Darfur (2007-)",,8,38,,729,"Northern Africa",Sudan,"West Darfur","El Geneina",,"El Geneina",13.4413,22.4454,2,"Sudan Tribune",National,"Unidentified gunmen shot some peacekeeping police officers in Western Darfur State wounding one in the leg, the UNAMID said on Tuesday [30 June].",0,,1552577626
SUD3375,"19 April 2009",2009,1,"Political violence",Battles,"Armed clash","Al-Falata Ethnic Militia (Sudan)",,4,"Habbaniyah Ethnic Militia (Sudan)",,4,44,,729,"Northern Africa",Sudan,"South Darfur",Buram,,Buram,10.8593,25.1604,1,"Sahfah Net",International,"On 19 April 2009, Al-Falata Ethnic Militia (Sudan) and Habbaniyah Ethnic Militia (Sudan) engaged in battles in Buram (South Darfur, Buram). No fatalities.",0,,1669071217
SUD3363,"31 March 2009",2009,2,"Political violence",Battles,"Armed clash","Hawazmah Clan Militia (Sudan)",,4,"Rizeigat Ethnic Militia (Sudan)",,4,44,,729,"Northern Africa",Sudan,"South Darfur","Nyala Janoub",,Nyala,12.0556,24.8906,2,"Al Ra'y alAam",National,"The coordinates of Southern Darfur were used. 2. Casualties of the Rizaygat tribe are still being counted.",0,,1648573302
SUD3337,"09 March 2009",2009,1,"Political violence",Battles,"Armed clash","Unidentified Armed Group (Sudan)",,3,"UNAMID: United Nations/African Union Hybrid Operation in Darfur (2007-)",,8,38,,729,"Northern Africa",Sudan,"West Darfur","El Geneina",,"El Geneina",13.4413,22.4454,2,AP,International,"UNAMID peacekeepers were returning to base in el Geneina, the capital of West Darfur, when they were attacked, resulting in four wounded.",0,,1563305287
SUD3296,"11 February 2009",2009,2,"Political violence",Battles,"Armed clash","SLM/A-Unity: Sudan Liberation Movement/Army (Unity Faction)",,2,"Military Forces of Sudan (1989-2019)",,1,12,,729,"Northern Africa",Sudan,"North Darfur","Al Fasher",,"El Fasher",13.6264,25.3559,2,"Reuters; Sudanese Media Center",National-International,"The coordinates of Northern Darfur were used. 2. UNAMID said about 250 people arrived in Dar El Salaam, reporting clashes in Wadaah, about 30 km further to the southeast. SLA-UF said its fighters attacked and defeated SAF, but this wasn't verified.",0,,1704767707
SUD3291,"09 February 2009",2009,1,"Political violence",Battles,"Armed clash","Unidentified Armed Group (Sudan)",,3,"UNAMID: United Nations/African Union Hybrid Operation in Darfur (2007-)",,8,38,,729,"Northern Africa",Sudan,"North Darfur","Al Fasher",,"El Fasher",13.6264,25.3559,2,Reuters,International,"A UNAMID helicopter was hit by unidentified gunmen as it attempted to ferry food around Northern Darfur, possibly mistaking them for government helicopters which, despite regular protests, often use the same white livery.",0,,1632239613
SUD3289,"06 February 2009",2009,1,"Political violence",Battles,"Government regains territory","Military Forces of Sudan (1989-2019)",,1,"JEM: Justice and Equality Movement",,2,12,,729,"Northern Africa",Sudan,"South Darfur","Nyala Janoub",,Nyala,12.0556,24.8906,2,"Sudanese Media Center",National,"The coordinates of South Darfur were used. 2. SAF is continuing to pursue troops from JEM and has taken control over Labdu region and evicted the rebels from it.",0,,1632239613
SUD3280,"26 January 2009",2009,1,"Political violence",Battles,"Armed clash","Military Forces of Sudan (1989-2019)",,1,"JEM: Justice and Equality Movement",,2,12,,729,"Northern Africa",Sudan,"North Darfur","Al Fasher",,"El Fasher",13.6264,25.3559,2,"Sudan Tribune",National,"On 26 January 2009, Military Forces of Sudan (1989-2019) and JEM: Justice and Equality Movement engaged in battles in El Fasher (North Darfur, Al Fasher). No fatalities.",0,,1669071217
SUD3277,"23 January 2009",2009,1,"Political violence",Battles,"Armed clash","Military Forces of Sudan (1989-2019)","SLM/A-Minnawi: Sudan Liberation Movement/Army (Minnawi Faction)",1,"JEM: Justice and Equality Movement",,2,12,,729,"Northern Africa",Sudan,"East Darfur",Yassin,,Muhajiriya,11.9971,25.6132,1,"Sudan Tribune",National,"On 23 January 2009, Military Forces of Sudan (1989-2019) and JEM: Justice and Equality Movement engaged in battles in Muhajiriya (East Darfur, Yassin). No fatalities.",0,,1669071217
SUD3274,"22 January 2009",2009,2,"Political violence",Battles,"Armed clash","Military Forces of Sudan (1989-2019)",,1,"JEM: Justice and Equality Movement",,2,12,,729,"Northern Africa",Sudan,"South Darfur","Nyala Janoub",,Nyala,12.0556,24.8906,2,"Reuters; AP",International,"The coordinates of South Darfur were used. 2. UNAMID confirms clashes between SAF and JEM, however JEM claims that they did not clash, but it was SLM-Minawi.",0,,1632239613
SUD3260,"15 January 2009",2009,1,"Political violence",Battles,"Non-state actor overtakes territory","JEM: Justice and Equality Movement","SLM/A: Sudan Liberation Movement/Army",2,"SLM/A-Minnawi: Sudan Liberation Movement/Army (Minnawi Faction)",,2,22,,729,"Northern Africa",Sudan,"East Darfur",Yassin,,Muhajiriya,11.9971,25.6132,1,"Sudan Tribune",National,"On 15 January 2009, JEM: Justice and Equality Movement and SLM/A-Minnawi: Sudan Liberation Movement/Army (Minnawi Faction) engaged in battles in Muhajiriya (East Darfur, Yassin). No fatalities.",0,,1669071217
SUD3211,"16 November 2008",2008,1,"Political violence",Battles,"Armed clash","Military Forces of Sudan (1989-2019)",,1,"JEM: Justice and Equality Movement",,2,12,,729,"Northern Africa",Sudan,Khartoum,Khartoum,,Khartoum,15.5699,32.5532,1,Reuters,International,"Sudans military said it had clashed with armed bandits in Darfur, but a senior official said the fighting did not amount to a breach of a ceasefire. Rebels maintain that GoS has shelled them and violated any attempted at a cease fire.",0,,1706579349
SUD3208,"09 November 2008",2008,1,"Political violence",Battles,"Armed clash","JEM: Justice and Equality Movement","SLM/A: Sudan Liberation Movement/Army",2,"Military Forces of Sudan (1989-2019)",,1,12,,729,"Northern Africa",Sudan,Khartoum,Khartoum,,Khartoum,15.5699,32.5532,1,Reuters,International,"JEM demanded direct talks with Khartoum and said it would not go to a planned peace conference in Qatar, involving a large number of Darfurs fractured insurgent movements. Govt. of Sudan stated would not negotiate.",0,,1706579349
SUD3181,"07 September 2008",2008,1,"Political violence",Battles,"Armed clash","Military Forces of Sudan (1989-2019)",,1,"SLM/A: Sudan Liberation Movement/Army",,2,12,,729,"Northern Africa",Sudan,"North Darfur","Al Fasher",,"El Fasher",13.6264,25.3559,2,AFP,International,"Dozens of Darfur rebels and Sudanese government soldiers have been killed in clashes in the Jebel Marra area. UNAMID is investigating.",12,,1632239614
SUD3154,"16 August 2008",2008,2,"Political violence",Battles,"Government regains territory","Military Forces of Sudan (1989-2019)",,1,"SLM/A-Nur: Sudan Liberation Movement/Army (Abdul Wahid al-Nur Faction)",,2,12,,729,"Northern Africa",Sudan,"North Darfur","Al Malha",,"Al Atrun",18.1837,26.6,1,"Al Jazeera; AP; Reuters; AFP",International,"SAF has begun a massive operation to wipe out rebel bases in Darfurs far north, attacking with more than 200 vehicles in Wadi Atron, taking control of areas which had for years been under the control of rebels. GoS is attempting to secure land for Ch",0,,1632243619
SUD3150,"09 August 2008",2008,2,"Political violence",Battles,"Armed clash","Military Forces of Sudan (1989-2019) Abu Tira",,1,"Unidentified Armed Group (Sudan)",,3,13,,729,"Northern Africa",Sudan,"North Darfur","Al Fasher",,"El Fasher",13.6264,25.3559,2,"Sudan News Agency",National,"Around 9 August 2008, Central Reserve Forces/Abu Tira repulsed an attack by unspecified gunmen on the road between Al-Fashir and Nyala (coordinates used for El Fasher, North Darfur state). There is no further information.",0,,1632239614
SUD3125,"18 July 2008",2008,1,"Political violence",Battles,"Armed clash","Military Forces of Chad (1990-2021)",,8,"Military Forces of Sudan (1989-2019)",,1,18,,729,"Northern Africa",Sudan,Khartoum,Bahri,,"Khartoum North",15.6248,32.5306,1,AFP,International,"Sudan President Omar al-Beshir has agreed to restore relations with Chad, more than two months after Khartoum severed ties accusing Ndjamena of backing Darfuri rebels.",0,,1706579349
SUD3104,"18 June 2008",2008,1,"Political violence",Battles,"Armed clash","Unidentified Armed Group (Sudan)",,3,"UNAMID: United Nations/African Union Hybrid Operation in Darfur (2007-)",,8,38,,729,"Northern Africa",Sudan,"West Darfur","El Geneina",,"El Geneina",13.4413,22.4454,1,"Sudanese Media Center; Local Source",National-International,"Armed Arab militiamen briefly abducted a member of the UN-led peacekeeping mission in Darfur in the first such attempted kidnapping of a UNAMID staff member, near El-Geneina.",0,,1574110419
SUD3060,"10 May 2008",2008,2,"Political violence",Battles,"Armed clash","Military Forces of Chad (1990-2021)",,8,"Military Forces of Sudan (1989-2019)",,1,18,,729,"Northern Africa",Sudan,"West Darfur","El Geneina",,"El Geneina",13.4413,22.4454,3,"Sudan Tribune",National,"The coordinates for Western Darfur were used as 'Kashkash' was unavailable. 2. SAF said it repelled an attack by the Chadian army in the border area of Kashkash, claiming that assailant troops 'meant to support the attempt of sabotage of the rebel Kha",0,,1619479598
SUD3023,"13 April 2008",2008,2,"Political violence",Battles,"Armed clash","Unidentified Armed Group (Sudan)",,3,"Military Forces of Sudan (1989-2019)",,1,13,,729,"Northern Africa",Sudan,"North Darfur","Al Fasher",,"El Fasher",13.6264,25.3559,2,Reuters,International,"Two other rebel groups said they had clashed with the government in the past two days in the central Jabel Marra region and in South Darfur near the town of Kass, although casualties were unknown.",0,,1632239614
SUD3024,"13 April 2008",2008,2,"Political violence",Battles,"Armed clash","Unidentified Armed Group (Sudan)",,3,"Military Forces of Sudan (1989-2019)",,1,13,,729,"Northern Africa",Sudan,"South Darfur",Kas,,Kass,12.5052,24.2855,1,Reuters,International,"Two other rebel groups said they had clashed with the government in the past two days in the central Jabel Marra region and in South Darfur near the town of Kass, although casualties were unknown.",0,,1632244577
SUD3022,"13 April 2008",2008,2,"Political violence",Battles,"Armed clash","JEM: Justice and Equality Movement","SLM/A: Sudan Liberation Movement/Army",2,"Military Forces of Sudan (1989-2019)",,1,12,,729,"Northern Africa",Sudan,"West Darfur","Jebel Moon",,Kushkush,14.1286,22.5626,1,Reuters,International,"The governor of West Darfur Abu el-Gasim confirmed there had been clashes in KishKish between SAF and JEM troops.",0,,1641867734
SUD2958,"08 February 2008",2008,1,"Political violence",Battles,"Armed clash","Military Forces of Sudan (1989-2019)",,1,"JEM: Justice and Equality Movement",,2,12,,729,"Northern Africa",Sudan,Northern,Delgo,,"Jabal Abu Suruj",20.1333,30.4,1,Reuters,International,"Governor of West Darfur state confirmed SAF had moved on Abu Suruj to remove JEM. No official reports as to how many casualties and injuries have occurred. Civilians report a number of injuries.",0,,1632244577
SUD2951,"02 February 2008",2008,1,"Political violence",Battles,"Armed clash","Military Forces of Sudan (1989-2019)",,1,"SLM/A: Sudan Liberation Movement/Army",,2,12,,729,"Northern Africa",Sudan,"South Darfur",Mershing,,Kalamboa,12.55,24.9832,1,Reuters,International,"Five people were killed when SLM/A and SAF clashed in North Darfur. SAF claims SLM/A killed two policemen and three civilians but SLM/A Unity wing said it was defending itself.",5,,1632243619
SUD2949,"01 February 2008",2008,2,"Political violence",Battles,"Armed clash","SLM/A-Unity: Sudan Liberation Movement/Army (Unity Faction)",,2,"Police Forces of Sudan (1989-2019)",,1,12,,729,"Northern Africa",Sudan,"North Darfur","Al Fasher",,"El Fasher",13.6264,25.3559,2,"Reuters; Sudan News Agency",National-International,"The coordinates of Northern Darfur were used since 'Kalamando' coordinates were not available. 2. SLA-Unity claims they were attacked by SAF, SAF denies having forces near Kalamando",0,,1704767707
SUD2925,"03 January 2008",2008,2,"Political violence",Battles,"Non-state actor overtakes territory","JEM: Justice and Equality Movement","SLM/A: Sudan Liberation Movement/Army",2,"Military Forces of Sudan (1989-2019)",,1,12,,729,"Northern Africa",Sudan,"West Darfur",Sirba,,Sirba,13.8057,22.5067,1,"Sahfah Net",International,"BBC describes newspaper Al-Sahafah as 'liberal.' 2. 'Sarba' is actually 'Sirba' based on location within Darfur. Spelling is often suspect with Arabic translations. 3. SAF denies all JEM claims, but local political forces confirm the attack.",0,,1604354652
SUD2913,"15 December 2007",2007,3,"Political violence",Battles,"Armed clash","JEM: Justice and Equality Movement","SLM/A: Sudan Liberation Movement/Army",2,"Military Forces of Sudan (1989-2019)",,1,12,,729,"Northern Africa",Sudan,"North Darfur","Al Fasher",,"El Fasher",13.6264,25.3559,2,"Africa Research Bulletin",Other,"Around 15 December 2007 (month of), JEM: Justice and Equality Movement and Military Forces of Sudan (1989-2019) engaged in battles in El Fasher (North Darfur, Al Fasher). No fatalities.",0,,1670286845
SUD2888,"30 September 2007",2007,1,"Political violence",Battles,"Armed clash","Unidentified Armed Group (Sudan)",,3,"UNAMID: United Nations/African Union Hybrid Operation in Darfur (2007-)",,8,38,,729,"Northern Africa",Sudan,"North Darfur","Al Lait",,Haskanita,11.9596,26.6333,1,Reuters,International,"Armed men attacked an African Union base killing 10 soldiers and injuring eight others. SAF & Darfur rebel movements blamed each other for the attack. 50 AU soldiers are missing.",10,,1632244577
SUD2886,"27 September 2007",2007,1,"Political violence",Battles,"Armed clash",Janjaweed,,3,"JEM: Justice and Equality Movement",,2,23,,729,"Northern Africa",Sudan,"North Darfur","Al Fasher",,"El Fasher",13.6264,25.3559,2,Reuters,International,"Janjaweed allegedly attacked a JEM rebel convoy near the North Darfur capital el-Fasher in the Jabel Arbaeen area. JEM claims victory and claims about 85 were killed and 8 cars captured.",85,,1632239614
SUD11276,"12 August 2007",2007,1,"Political violence",Battles,"Armed clash",Janjaweed,"Maaliya Ethnic Group (Sudan)",3,"SLM/A-Minnawi: Sudan Liberation Movement/Army (Minnawi Faction)",,2,23,,729,"Northern Africa",Sudan,"East Darfur",Yassin,,Muhajiriya,11.9971,25.6132,2,"Local Source",International,"12 August. Janjaweed fighters believed to be members of the Ma'alya Arab tribe raided the area of Um-Sunut, east of Muhajiriyah, south east Darfur, killed 42 villagers and seized their cattle. They also clashed with SLM-MM rebels, causalities not known.",0,,1632244577
SUD2865,"08 August 2007",2007,1,"Political violence",Battles,"Armed clash","JEM: Justice and Equality Movement","SLM/A: Sudan Liberation Movement/Army",2,"Military Forces of Sudan (1989-2019)",,1,12,,729,"Northern Africa",Sudan,"West Kordofan","Wad Bandah",,Adila,12.7148,27.3147,2,Reuters,International,"JEM claims to have downed an SAF MiG fighter plane near Adila (not in database). Adila is in the far east of South Darfur state. SAF denies. 1. LK: Fallingrain and googlemaps list Adila in North Kurdufan state.",0,,1715049712
SUD2864,"02 August 2007",2007,1,"Political violence",Battles,"Armed clash","Rizeigat Ethnic Militia (Sudan)",,4,"Terjem Ethnic Militia (Sudan)",,4,44,,729,"Northern Africa",Sudan,"South Darfur",Damso,,"Wadi Bulbul",10.9541,24.5844,1,Reuters,International,"More than 100 people have been killed in clashes between Terjem and Rizegat tribes, over land and scarce resources in Darfur. The UN and local sources confirm.",100,,1632244577
SUD12684,"15 April 2007",2007,3,"Political violence",Battles,"Armed clash","Unidentified Armed Group (Sudan)",,3,"Private Security Forces (Sudan)","Aid Workers (Sudan)",8,38,,729,"Northern Africa",Sudan,"West Darfur",Kereneik,,"Um Dukhn",13.4832,22.9832,1,"Aid Worker Security Database","Local partner-Other","'1 NGO national staff security guard was badly beaten up and is in a critical condition in Um Dukhun, Darfur.'",0,,1632244577
SUD2844,"10 April 2007",2007,1,"Political violence",Battles,"Armed clash","Unidentified Armed Group (Sudan)",,3,"AMIS: African Union Mission in Sudan (2004-2007)",,8,38,,729,"Northern Africa",Sudan,"North Darfur","Al Fasher",,"El Fasher",13.6264,25.3559,2,Reuters,International,"Unidentified gunmen attacked an AU peacekeeper patrol killing one and injuring two at Kube Water Point near Sortony in North Darfur and one of the peacekeepers vehicles was taken by the attackers.",1,,1632239614
SUD12683,"04 April 2007",2007,1,"Political violence",Battles,"Armed clash","Unidentified Armed Group (Sudan)",,3,"Private Security Forces (Sudan)","Aid Workers (Sudan)",8,38,,729,"Northern Africa",Sudan,"West Darfur",Kereneik,,"Um Dukhn",13.4832,22.9832,1,"Aid Worker Security Database","Local partner-Other","'1 INGO national staff guard sustained serious injuries when four unknown armed men raided the compound in Umm Dukhum in West Darfur, April 4.'",0,,1632244577
SUD2838,"02 April 2007",2007,1,"Political violence",Battles,"Armed clash","Unidentified Armed Group (Sudan)",,3,"AMIS: African Union Mission in Sudan (2004-2007)",,8,38,,729,"Northern Africa",Sudan,"North Darfur","Al Fasher",,"El Fasher",13.6264,25.3559,2,AFP,International,"Gunmen killed five AU soldiers as they guarded a watering point in Umm Barru (not in database) in northwest Darfur. The attackers lost three combatants. SLM/A is suspected in the attack.",8,,1632239614
SUD2835,"26 March 2007",2007,1,"Political violence",Battles,"Armed clash","Unidentified Armed Group (Sudan)",,3,"SLM/A: Sudan Liberation Movement/Army",,2,23,,729,"Northern Africa",Sudan,"South Darfur","Nyala Janoub",,Nyala,12.0556,24.8906,1,Reuters,International,"SLM/A said one of their senior commanders has been killed in southern Darfur in an area controlled by Janjaweed and warned the ambush could threaten a peace agreement signed last year.",1,,1632239614
SUD2834,"24 March 2007",2007,1,"Political violence",Battles,"Armed clash","Police Forces of Sudan (1989-2019)",,1,"SLM/A-Minnawi: Sudan Liberation Movement/Army (Minnawi Faction)",,2,12,,729,"Northern Africa",Sudan,Khartoum,Omdurman,,"Omdurman - Al Doha",15.6277,32.4648,1,AFP,International,"Two policemen and eight members of Darfurs former rebel Sudanese Liberation Movement (SLM) were killed on Saturday in a shootout near the capital, officials and ex-rebels said.",10,,1706579349
SUD2822,"13 February 2007",2007,1,"Political violence",Battles,"Armed clash","Unidentified Armed Group (Sudan)",,3,"Abala Ethnic Militia (Sudan)",,4,34,,729,"Northern Africa",Sudan,"South Darfur","Nyala Janoub",,Nyala,12.0556,24.8906,2,AFP,International,"11 people were killed and nine wounded in the fighting in southern Darfur between an unidentified armed group and members of the Abala tribe.",11,,1632239614
SUD12681,"13 February 2007",2007,1,"Political violence",Battles,"Armed clash","Unidentified Armed Group (Sudan)",,3,"Private Security Forces (Sudan)","Aid Workers (Sudan)",8,38,,729,"Northern Africa",Sudan,"West Darfur",Kereneik,,"Um Dukhn",13.4832,22.9832,1,"Aid Worker Security Database","Local partner-Other","'1 INGO national staff guard sustained injuries when two armed men in military uniform entered an INGO compound in Um Dukhum in W. Darfur early in the morning of 13 February in an attempt to loot money. They attacked the guard who sustained injuries before fleeing the scene. Two staff members of the INGO living nearby came to the rescue of their colleagues and while they were transporting the injured to the hospital, their house was robbed.'",0,,1632244577
SUD2819,"01 February 2007",2007,1,"Political violence",Battles,"Armed clash","AMIS: African Union Mission in Sudan (2004-2007)",,8,"Unidentified Armed Group (Sudan)",,3,38,,729,"Northern Africa",Sudan,"North Darfur",Kutum,,Kutum,14.2065,24.6499,1,Reuters,International,"An African Union policeman was killed on Thursday by an unknown gunman who stole his vehicle a policeman was shot dead inside the Kassab Camp in Kutum town in North Darfur.",1,,1561469358
SUD11269,"09 January 2007",2007,1,"Political violence",Battles,"Armed clash","Terjem Ethnic Militia (Sudan)",,4,"Rizeigat Ethnic Militia (Sudan)",,4,44,,729,"Northern Africa",Sudan,"South Darfur","Nyala Janoub",,Nyala,12.0556,24.8906,1,"Local Source",International,"09 January. Fighting between two clans -Tarjam and Rezaygat- in east Nyala in south Darfur State left 42 dead and 27 wounded.",42,,1632239614
SUD2782,"28 November 2006",2006,1,"Political violence",Battles,"Armed clash","SLM/A: Sudan Liberation Movement/Army",,2,"Military Forces of Sudan (1989-2019)",,1,12,,729,"Northern Africa",Sudan,"East Darfur",Adila,,"Abu Jabra",11.3663,26.7799,1,AFP,International,"Two alleged attacks by SLM left 32 civilians dead. SAF said it repelled two rebel assaults on oil fields in Sharef, in South Darfur, and Abu Jabra, in West Kordofan. There was no official confirmation of the death toll.",0,,1632244577
SUD2776,"16 November 2006",2006,1,"Political violence",Battles,"Armed clash","Military Forces of Sudan (1989-2019)",Janjaweed,1,"SLM/A: Sudan Liberation Movement/Army",,2,12,,729,"Northern Africa",Sudan,"North Darfur","Al Fasher",,"El Fasher",13.6264,25.3559,2,Reuters,International,"SLA accused SAF and Janjaweed of attacking its positions in northern Darfur, in the Deir Mazza area, killing more than 50 people. An army spokesman denied the claim. In turn, Janjaweed forces claimed the SLA of attacking civilians. Attack on civilians were believed to have occurred after a battle between the two groups.",50,,1632239614
SUD2757,"04 October 2006",2006,1,"Political violence",Battles,"Armed clash","JEM: Justice and Equality Movement","SLM/A: Sudan Liberation Movement/Army",2,"SLM/A-Minnawi: Sudan Liberation Movement/Army (Minnawi Faction)",,2,22,,729,"Northern Africa",Sudan,"South Darfur",Gereida,,Gereida,11.2749,25.1436,2,Reuters,International,"Fighting between SLA and JEM has forced 10,000 Darfuris to seek refuge near in the Muhajiriya area. Aid agencies are unable to cope with the new arrivals fleeing fighting in nearby Gereida in south Darfur.",0,,1613499282
SUD2756,"02 October 2006",2006,1,"Political violence",Battles,"Armed clash","JEM: Justice and Equality Movement","SLM/A: Sudan Liberation Movement/Army",2,"SLM/A-Minnawi: Sudan Liberation Movement/Army (Minnawi Faction)",,2,22,,729,"Northern Africa",Sudan,"South Darfur",Gereida,,Gereida,11.2749,25.1436,1,Reuters,International,"Up to 40 people were killed in clashes between SLA and JEM in south Darfur, forcing foreign aid workers to abandon the Greida (spelling suspect) displaced persons camp. Several aid agencies which withdrew from Greida to Nyala.",40,,1613499282
SUD12664,"01 September 2006",2006,1,"Political violence",Battles,"Armed clash","Unidentified Armed Group (Sudan)",,3,"Unidentified Armed Group (Sudan)",,3,33,,729,"Northern Africa",Sudan,"North Darfur","Saraf Omra",,Hashaba,13.7551,23.1866,1,"Aid Worker Security Database","Local partner-Other","'1 INGO national staff health worker killed in Hashaba, North Darfur during fighting, Sept 1.'",1,,1632244577
SUD2741,"19 August 2006",2006,1,"Political violence",Battles,"Armed clash","AMIS: African Union Mission in Sudan (2004-2007)",,8,"Unidentified Armed Group (Sudan)",,3,38,,729,"Northern Africa",Sudan,"North Darfur","Al Fasher",,"El Fasher",13.6264,25.3559,1,AFP,International,"Two African Union soldiers were killed and three others wounded after unidentified gunmen ambushed their convoy in north Darfur. The gunmen targeted a fuel convoy heading from El-Nahud to Al-Fasher.",2,,1632239614
SUD2719,"12 June 2006",2006,2,"Political violence",Battles,"Armed clash",Janjaweed,,3,"SLM/A: Sudan Liberation Movement/Army",,2,23,,729,"Northern Africa",Sudan,"North Darfur","Al Fasher",,"El Fasher",13.6264,25.3559,2,"The New Humanitarian",International,"Around 12 June 2006, Janjaweed and SLM/A: Sudan Liberation Movement/Army engaged in battles in El Fasher (North Darfur, Al Fasher). No fatalities.",0,,1669071217
SUD2711,"20 May 2006",2006,1,"Political violence",Battles,"Armed clash","Military Forces of Sudan (1989-2019)",,1,"SLM/A: Sudan Liberation Movement/Army",,2,12,,729,"Northern Africa",Sudan,"North Darfur","Al Fasher",,"El Fasher",13.6264,25.3559,1,AFP,International,"The Sudan Liberation Movement (SLM) said government forces launched an offensive early in Dar es-Sallam, 150 km north of al-Fashir in North Darfur state.",0,,1632239614
SUD2667,"30 January 2006",2006,1,"Political violence",Battles,"Armed clash","Military Forces of Chad (1990-2021)",,8,"Military Forces of Sudan (1989-2019)",,1,18,,729,"Northern Africa",Sudan,"West Darfur","El Geneina",,"El Geneina",13.4413,22.4454,1,AFP,International,"Chads government has denied an allegation by Sudan that its army made a weekend incursion across the border to attack a military position in the western Darfur region.",0,,1619479596
SUD2664,"28 January 2006",2006,1,"Political violence",Battles,"Armed clash","NMRD: National Movement for Reform and Development",,2,"Military Forces of Sudan (1989-2019)",,1,12,,729,"Northern Africa",Sudan,"West Darfur","El Geneina",,"El Geneina",13.4413,22.4454,3,Reuters,International,"NMRD: National Movement for Reform and Development said they attacked Arm Yakui, some 30 km northwest of West Darfurs main town el-Geneina, killing 78 soldiers and took 17 prisoners. NMRD lost two men with five injured.",80,,1579554678
SUD2662,"27 January 2006",2006,1,"Political violence",Battles,"Armed clash","SLM/A: Sudan Liberation Movement/Army",,2,"Military Forces of Sudan (1989-2019)",,1,12,,729,"Northern Africa",Sudan,"North Darfur","Al Fasher",,"El Fasher",13.6264,25.3559,2,"The New Humanitarian",International,"Thousands of civilians have been displaced by fighting between GoS forces and SLM/A. Most had fled Golo and Daya in the Jebel Marra area of West Darfur.The number displaced could not be immediately established.",0,,1636413269
SUD2660,"24 January 2006",2006,1,"Political violence",Battles,"Armed clash","SLM/A: Sudan Liberation Movement/Army",,2,"Military Forces of Sudan (1989-2019)",,1,12,,729,"Northern Africa",Sudan,"North Darfur","Al Fasher",,"Wadi Golo",13.5,25.3833,1,Reuters,International,"SLM/A: Sudan Liberation Movement/Army attacked Golo, in the central Jabel Marra region of Darfur. 'The government reacted,' a senior African Union official said. An aid worker said said several people were injured.",0,,1632244577
SUD2639,"09 December 2005",2005,2,"Political violence",Battles,"Armed clash","Hotiya-Baggara Ethnic Militia (Somalia)","Pastoralists (Sudan)",4,"Newiba-Aballa Ethnic Militia (Sudan)","Pastoralists (Sudan)",4,44,,729,"Northern Africa",Sudan,"Central Darfur",Zalingi,,Zalingei,12.9075,23.4706,1,"The New Humanitarian",International,"Around 9 December 2005, fighting erupted between the cattle-herding Hotiya-Baggara and the camel-herding Newiba-Aballa nomads over local resources (Zalingei, Central Darfur).",60,,1695055728
SUD2528,"09 August 2005",2005,1,"Political violence",Battles,"Armed clash","Unidentified Armed Group (Sudan)",,3,"Police Forces of Sudan (1989-2019)",,1,13,,729,"Northern Africa",Sudan,"North Darfur","Al Fasher",,"El Fasher",13.6264,25.3559,2,Reuters,International,"Coordinates of Al Fashir were used. 2. A Sudanese Government police officer on his way to Zam Zam camp in North Darfur was killed by unidentified gunmen and his weapon taken.",1,,1632239614
SUD2516,"27 July 2005",2005,1,"Political violence",Battles,"Armed clash","Unidentified Armed Group (Chad)",,3,"SLM/A: Sudan Liberation Movement/Army",,2,23,,729,"Northern Africa",Sudan,"North Darfur",Kutum,,Kutum,14.2065,24.6499,2,"Sudan News Agency",National,"Coordinates of Kutum were used. 2. Six armed men crossed the border from Chad and attacked a village in the Muzbad area, 125 km north of Kutum in North Darfur, killing one SLA member. In retaliation the SLA reportedly chased and killed the men, the UN",7,,1561469358
SUD2498,"28 June 2005",2005,1,"Political violence",Battles,"Armed clash","JEM: Justice and Equality Movement","SLM/A: Sudan Liberation Movement/Army",2,"UNMIS: United Nations Mission in Sudan (2005-2011)",,8,28,,729,"Northern Africa",Sudan,"South Darfur","Nyala Janoub",,Nyala,12.0556,24.8906,2,"All Africa",International,"Coordinates of South Darfur were used. 2. JEM attacked an Antonov plane belonging to the UN.",0,,1632239614
SUD2496,"25 June 2005",2005,3,"Political violence",Battles,"Armed clash","SLM/A: Sudan Liberation Movement/Army",,2,"Police Forces of Sudan (1989-2019)",,1,12,,729,"Northern Africa",Sudan,"North Darfur","Al Fasher",,"El Fasher",13.6264,25.3559,2,"The New Humanitarian; All Africa",International,"Coordinates of North Darfur were used. 2. Government police lodged a complaint with African Union truce monitors accusing SLM/A of attacking a police station, killing one person and wounding two.",1,,1636413266
SUD2492,"22 June 2005",2005,1,"Political violence",Battles,"Armed clash","SLM/A: Sudan Liberation Movement/Army",,2,"JEM: Justice and Equality Movement",,2,22,,729,"Northern Africa",Sudan,"West Darfur","El Geneina",,"El Geneina",13.4413,22.4454,3,UNMISS,International,"Coordinates of Western Darfur were used as 'Iriba' was unavailable. 2. SLM/A killed five fighters of JEM and wounded 11 in an attack.",5,,1604354656
SUD2480,"09 June 2005",2005,1,"Political violence",Battles,"Armed clash","SLM/A: Sudan Liberation Movement/Army",,2,"JEM: Justice and Equality Movement",,2,22,,729,"Northern Africa",Sudan,"North Darfur","Al Fasher",,"El Fasher",13.6264,25.3559,2,Reuters,International,"Clashes erupted between the soldiers of SLM and JEM at Al-Wikham area in Northern Darfur State. The confrontations led to the death of 17 JEM soldiers and left another 25 wounded, the SLM losses are yet to be assessed.",17,,1632239614
SUD2446,"17 April 2005",2005,2,"Political violence",Battles,"Armed clash","SLM/A: Sudan Liberation Movement/Army",,2,Janjaweed,,3,23,,729,"Northern Africa",Sudan,"North Darfur","Al Fasher",,"El Fasher",13.6264,25.3559,2,"All Africa",International,"Coordinates of North Darfur were used. 2. SLA clashed with militiamen a number of times, including a battle in the Abdul Bagir region of northern Darfur that killed seven people and wounded one.",7,,1632239614
SUD2439,"13 April 2005",2005,1,"Political violence",Battles,"Armed clash","SLM/A: Sudan Liberation Movement/Army",,2,Janjaweed,,3,23,,729,"Northern Africa",Sudan,"North Darfur","Al Fasher",,"El Fasher",13.6264,25.3559,2,AFP,International,"Coordinates of 'North Darfur' were used. 2. Fighting reportedly broke out between SLA and Arab Militia in the Abdul Bagir area of North Darfur. Seven people were killed and two wounded during the fight.",7,,1632239614
SUD2400,"14 March 2005",2005,1,"Political violence",Battles,"Armed clash","Unidentified Armed Group (Sudan)",,3,"Military Forces of Sudan (1989-2019)",,1,13,,729,"Northern Africa",Sudan,"East Darfur","Abu Karinka",,"Abu Karaynka",11.5873,26.5444,2,AFP,International,"Southern Darfur State government has announced that it lost five of its soldiers and more than 15 others were wounded following an attack by 'rebels.'",5,,1617057651
SUD2380,"22 February 2005",2005,1,"Political violence",Battles,"Armed clash","JEM: Justice and Equality Movement","SLM/A: Sudan Liberation Movement/Army",2,"Military Forces of Sudan (1989-2019)",,1,12,,729,"Northern Africa",Sudan,"South Darfur",Gereida,,Gereida,11.2749,25.1436,1,Reuters,International,"JEM attacked GoS forces, possibly in retaliation for alleged bombing throughout Darfur by GoS.",0,,1613499282
SUD2359,"07 February 2005",2005,2,"Political violence",Battles,"Armed clash","SLM/A: Sudan Liberation Movement/Army",,2,"Military Forces of Sudan (1989-2019)",,1,12,,729,"Northern Africa",Sudan,"North Darfur","Al Fasher",,"El Fasher",13.6264,25.3559,2,"All Africa",International,"In North Darfur , the SLA reportedly attacked GoS forces in an area East of Al Fasher. No further information available.",0,,1632239614
SUD2358,"05 February 2005",2005,3,"Political violence",Battles,"Non-state actor overtakes territory","SLM/A: Sudan Liberation Movement/Army",,2,"Military Forces of Sudan (1989-2019)",,1,12,,729,"Northern Africa",Sudan,"West Darfur","El Geneina",,"El Geneina",13.4413,22.4454,3,AFP,International,"Coordinates for Western Darfur were used. 2. The SLA has stated that it recaptured the Abu Gamra area, partly because they wanted to preserve the mass graves and other forensic evidence. Unknown number of fatalities or injured.",0,,1579554680
SUD2355,"02 February 2005",2005,2,"Political violence",Battles,"Armed clash","Unidentified Armed Group (Sudan)",,3,"SLM/A: Sudan Liberation Movement/Army",,2,23,,729,"Northern Africa",Sudan,"North Darfur","Al Fasher",,"El Fasher",13.6264,25.3559,2,"UN (unspecified)",Other,"United Nations said armed tribesmen reportedly killed six people and wounded four others in an attack on a camp of the Sudan Liberation Army in North Darfur.",6,,1632239614
SUD2337,"20 January 2005",2005,2,"Political violence",Battles,"Armed clash","Military Forces of Sudan (1989-2019)",,1,"Unidentified Armed Group (Sudan)",,3,13,,729,"Northern Africa",Sudan,"West Darfur","El Geneina",,"El Geneina",13.4413,22.4454,3,"All Africa; The New Humanitarian",International,"Western Darfur was the most precise area specified. 2. IRIN stated Unidentified Darfur rebels have been clashing with GoS in Western Darfur.",0,,1636413266
SUD2324,"12 January 2005",2005,2,"Political violence",Battles,"Armed clash","SLM/A: Sudan Liberation Movement/Army",,2,"Police Forces of Sudan (1989-2019)",,1,12,,729,"Northern Africa",Sudan,"South Darfur","Nyala Janoub",,Nyala,12.0556,24.8906,2,"Darfur Chronology; AFP",Other-International,"Darfur rebels and police clashed in Jarrar (lat/longs not available) in South Darfur.",0,,1632239614
SUD2320,"10 January 2005",2005,2,"Political violence",Battles,"Armed clash","Military Forces of Sudan (1989-2019)",,1,"Unidentified Armed Group (Sudan)",,3,13,,729,"Northern Africa",Sudan,"West Kordofan",Ghubaish,,Ghubaysh,12.1528,27.3317,2,AP,International,"A series of fightings recently took place between the Sudanese armed forces and the Darfur rebels in Ghubeish, leaving tens dead from both sides.",10,,1632244578
SUD2309,"29 December 2004",2004,2,"Political violence",Battles,"Armed clash","SLM/A: Sudan Liberation Movement/Army",,2,"PDF: Popular Defence Forces",,3,23,,729,"Northern Africa",Sudan,"West Kordofan","El Salam",,"El Fula",11.7195,28.3479,3,"AFP; Darfur Chronology",Other-International,"GoS claims Darfur rebels skirmished with the Popular Defense Forces, resulting in 99 dead, in the Ghibaish area (lat/longs not available) of Kordofan (coded as capital, El Fulah).",99,,1615249504
SUD2304,"18 December 2004",2004,2,"Political violence",Battles,"Armed clash","Unidentified Armed Group (Sudan)",,3,"AMIS: African Union Mission in Sudan (2004-2007)",,8,38,,729,"Northern Africa",Sudan,"South Darfur","Nyala Janoub",,Nyala,12.0556,24.8906,3,"AFP; Darfur Chronology; AP",Other-International,"An AU helicopter was fired upon by unidentified assailants in Darfur (specific location not given, coded as South Darfur due to recent activity).",0,,1632239614
SUD2289,"14 December 2004",2004,1,"Political violence",Battles,"Armed clash","Military Forces of Sudan (1989-2019)",,1,"SLM/A: Sudan Liberation Movement/Army",,2,12,,729,"Northern Africa",Sudan,"South Darfur",Beliel,,Bashom,12.1376,25.1916,1,"The New Humanitarian; Darfur Chronology",Other-International,"The UN reports fighting in villages of Bashom, Ishma and Um Zehefa, as well as Eida and Reil (lat/longs not available) in South Darfur and surrounding areas to the east between Dec.12-14.",0,,1636413266
SUD2290,"14 December 2004",2004,1,"Political violence",Battles,"Armed clash","Military Forces of Sudan (1989-2019)",,1,"SLM/A: Sudan Liberation Movement/Army",,2,12,,729,"Northern Africa",Sudan,"South Darfur",Beliel,,Ishma,12.0494,25.149,1,"Darfur Chronology; The New Humanitarian",Other-International,"The UN reports fighting in villages of Bashom, Ishma and Um Zehefa, as well as Eida and Reil (lat/longs not available) in South Darfur and surrounding areas to the east between Dec.12-14.",0,,1636413266
SUD2291,"14 December 2004",2004,1,"Political violence",Battles,"Armed clash","Military Forces of Sudan (1989-2019)",,1,"SLM/A: Sudan Liberation Movement/Army",,2,12,,729,"Northern Africa",Sudan,"South Darfur","Nyala Janoub",,Nyala,12.0556,24.8906,2,"Darfur Chronology; The New Humanitarian",Other-International,"The UN reports fighting in villages of Bashom, Ishma and Um Zehefa, as well as Eida and Reil (lat/longs not available) in South Darfur and surrounding areas to the east between Dec.12-14.",0,,1636413266
SUD2292,"14 December 2004",2004,1,"Political violence",Battles,"Armed clash","Military Forces of Sudan (1989-2019)",,1,"SLM/A: Sudan Liberation Movement/Army",,2,12,,729,"Northern Africa",Sudan,"South Darfur",Buram,,"Umm Zahefa",11.1631,25.0689,1,"Darfur Chronology; The New Humanitarian",Other-International,"The UN reports fighting in villages of Bashom, Ishma and Um Zehefa, as well as Eida and Reil (lat/longs not available) in South Darfur and surrounding areas to the east between Dec.12-14.",0,,1636413266
SUD2285,"13 December 2004",2004,1,"Political violence",Battles,"Armed clash","Military Forces of Sudan (1989-2019)",,1,"SLM/A: Sudan Liberation Movement/Army",,2,12,,729,"Northern Africa",Sudan,"South Darfur",Beliel,,Bashom,12.1376,25.1916,1,"Darfur Chronology; The New Humanitarian",Other-International,"The UN reports fighting in villages of Bashom, Ishma and Um Zehefa, as well as Eida and Reil (lat/longs not available) in South Darfur and surrounding areas to the east between Dec.12-14.",0,,1636413266
SUD2286,"13 December 2004",2004,1,"Political violence",Battles,"Armed clash","Military Forces of Sudan (1989-2019)",,1,"SLM/A: Sudan Liberation Movement/Army",,2,12,,729,"Northern Africa",Sudan,"South Darfur",Beliel,,Ishma,12.0494,25.149,1,"The New Humanitarian; Darfur Chronology",Other-International,"The UN reports fighting in villages of Bashom, Ishma and Um Zehefa, as well as Eida and Reil (lat/longs not available) in South Darfur and surrounding areas to the east between Dec.12-14.",0,,1636413266
SUD2287,"13 December 2004",2004,1,"Political violence",Battles,"Armed clash","Military Forces of Sudan (1989-2019)",,1,"SLM/A: Sudan Liberation Movement/Army",,2,12,,729,"Northern Africa",Sudan,"South Darfur","Nyala Janoub",,Nyala,12.0556,24.8906,2,"The New Humanitarian; Darfur Chronology",Other-International,"The UN reports fighting in villages of Bashom, Ishma and Um Zehefa, as well as Eida and Reil (lat/longs not available) in South Darfur and surrounding areas to the east between Dec.12-14.",0,,1636413266
SUD2288,"13 December 2004",2004,1,"Political violence",Battles,"Armed clash","Military Forces of Sudan (1989-2019)",,1,"SLM/A: Sudan Liberation Movement/Army",,2,12,,729,"Northern Africa",Sudan,"South Darfur",Buram,,"Umm Zahefa",11.1631,25.0689,1,"Darfur Chronology; The New Humanitarian",Other-International,"The UN reports fighting in villages of Bashom, Ishma and Um Zehefa, as well as Eida and Reil (lat/longs not available) in South Darfur and surrounding areas to the east between Dec.12-14.",0,,1636413266
SUD2281,"12 December 2004",2004,1,"Political violence",Battles,"Armed clash","Military Forces of Sudan (1989-2019)",,1,"SLM/A: Sudan Liberation Movement/Army",,2,12,,729,"Northern Africa",Sudan,"South Darfur",Beliel,,Bashom,12.1376,25.1916,1,"The New Humanitarian; Darfur Chronology",Other-International,"The UN reports fighting in villages of Bashom, Ishma and Um Zehefa, as well as Eida and Reil (lat/longs not available) in South Darfur and surrounding areas to the east between Dec.12-14.",0,,1636413266
SUD2282,"12 December 2004",2004,1,"Political violence",Battles,"Armed clash","Military Forces of Sudan (1989-2019)",,1,"SLM/A: Sudan Liberation Movement/Army",,2,12,,729,"Northern Africa",Sudan,"South Darfur",Beliel,,Ishma,12.0494,25.149,1,"The New Humanitarian; Darfur Chronology",Other-International,"The UN reports fighting in villages of Bashom, Ishma and Um Zehefa, as well as Eida and Reil (lat/longs not available) in South Darfur and surrounding areas to the east between Dec.12-14.",0,,1636413266
SUD2283,"12 December 2004",2004,1,"Political violence",Battles,"Armed clash","Military Forces of Sudan (1989-2019)",,1,"SLM/A: Sudan Liberation Movement/Army",,2,12,,729,"Northern Africa",Sudan,"South Darfur","Nyala Janoub",,Nyala,12.0556,24.8906,2,"Darfur Chronology; The New Humanitarian",Other-International,"The UN reports fighting in villages of Bashom, Ishma and Um Zehefa, as well as Eida and Reil (lat/longs not available) in South Darfur and surrounding areas to the east between Dec.12-14.",0,,1636413266
SUD2284,"12 December 2004",2004,1,"Political violence",Battles,"Armed clash","Military Forces of Sudan (1989-2019)",,1,"SLM/A: Sudan Liberation Movement/Army",,2,12,,729,"Northern Africa",Sudan,"South Darfur",Buram,,"Umm Zahefa",11.1631,25.0689,1,"The New Humanitarian; Darfur Chronology",Other-International,"The UN reports fighting in villages of Bashom, Ishma and Um Zehefa, as well as Eida and Reil (lat/longs not available) in South Darfur and surrounding areas to the east between Dec.12-14.",0,,1636413266
SUD2274,"08 December 2004",2004,1,"Political violence",Battles,"Armed clash","Military Forces of Sudan (1989-2019)",,1,"SLM/A: Sudan Liberation Movement/Army",,2,12,,729,"Northern Africa",Sudan,"North Darfur",Tawila,,Tabit,13.3142,25.0882,1,"UN (unspecified); Darfur Chronology",Other,"Clashes reported between SLM/A and GoS forces in Tabit in North Darfur.",0,,1632261228
SUD2224,"06 November 2004",2004,1,"Political violence",Battles,"Armed clash","SLM/A: Sudan Liberation Movement/Army",,2,"Military Forces of Sudan (1989-2019)",,1,12,,729,"Northern Africa",Sudan,"North Darfur",Kutum,,"Abdel Shakur",14.4355,24.5191,2,"UN (unspecified); Darfur Chronology",Other,"6 people were killed in fighting between the GoS and SLM/A in the area between Tibibi and Tunia villages, west of Abdel Shakur, North Darfur.",6,,1610411407
SUD2225,"06 November 2004",2004,1,"Political violence",Battles,"Armed clash","SLM/A: Sudan Liberation Movement/Army",,2,"Military Forces of Sudan (1989-2019)",,1,12,,729,"Northern Africa",Sudan,"South Darfur",Mershing,,Manawashi,12.6922,24.992,1,"Darfur Chronology; UN (unspecified)",Other,"AU monitors confirmed fighting between GoS and SLM/A forces about 10km north of Manawashi in South Darfur.",0,,1632243620
SUD2223,"05 November 2004",2004,1,"Political violence",Battles,"Armed clash","SLM/A: Sudan Liberation Movement/Army",,2,"Arab Ethnic Militia (Sudan)",,4,24,,729,"Northern Africa",Sudan,"South Darfur",Buram,,Labadu,10.6759,24.9773,1,"Darfur Chronology; UN (unspecified)",Other,"As a result of camel-looting, fighting between Arab tribesmen and rebel groups occurred between Nov.3-5 in the area north of Labado in South Darfur.",0,,1567462435
SUD2222,"04 November 2004",2004,1,"Political violence",Battles,"Armed clash","SLM/A: Sudan Liberation Movement/Army",,2,"Arab Ethnic Militia (Sudan)",,4,24,,729,"Northern Africa",Sudan,"South Darfur",Buram,,Labadu,10.6759,24.9773,1,"Darfur Chronology; UN (unspecified)",Other,"As a result of camel-looting, fighting between Arab tribesmen and rebel groups occurred between Nov.3-5 in the area north of Labado in South Darfur.",0,,1567462435
SUD2218,"03 November 2004",2004,1,"Political violence",Battles,"Armed clash","SLM/A: Sudan Liberation Movement/Army",,2,"Arab Ethnic Militia (Sudan)",,4,24,,729,"Northern Africa",Sudan,"South Darfur",Buram,,Labadu,10.6759,24.9773,1,"Darfur Chronology; UN (unspecified)",Other,"As a result of camel-looting, fighting between Arab tribesmen and rebel groups occurred between Nov.3-5 in the area north of Labado in South Darfur.",0,,1567462435
SUD2201,"30 October 2004",2004,1,"Political violence",Battles,"Armed clash","SLM/A: Sudan Liberation Movement/Army",,2,"Military Forces of Sudan (1989-2019)",,1,12,,729,"Northern Africa",Sudan,"Central Darfur",Zalingi,,Zalingei,12.9075,23.4706,1,"Darfur Chronology; AFP",Other-International,"Clashes were reported in Zalingei between suspected Darfur rebels and GoS forces.",0,,1632261228
SUD2108,"08 October 2004",2004,1,"Political violence",Battles,"Armed clash","SLM/A: Sudan Liberation Movement/Army","Equatoria Defence Force",2,"LRA: Lords Resistance Army",,2,22,,729,"Northern Africa",Sudan,"South Darfur","Al Radoum",,Lowia,9.3669,24.4168,1,AFP,International,"On 8 October 2004, SLM/A: Sudan Liberation Movement/Army and LRA: Lords Resistance Army engaged in battles in Lowia (South Darfur, Al Radoum). There were 46 fatalities.",46,,1669071210
SUD2164,"24 September 2004",2004,1,"Political violence",Battles,"Armed clash","Military Forces of Sudan (1989-2019)","Government of Sudan (1989-2019)",1,"NIF: National Islamic Front",,3,13,,729,"Northern Africa",Sudan,Khartoum,Khartoum,,Khartoum,15.5699,32.5532,3,"AFP; AP; Darfur Chronology",Other-International,"The GoS claimed it foiled an attempted coup by supporters of Hassan al-Turabi, who is also a member of the ruling NIF party. The governor of West Darfur contradicted this and said JEM was behind the coup, although an SPLA spokesman says that the government is trying to divert attention from the Darfur conflict.",0,,1706579343
SUD2158,"18 September 2004",2004,1,"Political violence",Battles,"Armed clash","SLM/A: Sudan Liberation Movement/Army",,2,"Police Forces of Sudan (1989-2019)",,1,12,,729,"Northern Africa",Sudan,"North Darfur",Tawila,,"Bobay Sigilli",13.5082,25.0403,1,"UN (unspecified); Darfur Chronology",Other,"Darfur rebels allegedly attacked a police post near Bobay Segili.",0,,1632244578
SUD2154,"15 September 2004",2004,1,"Political violence",Battles,"Armed clash","SLM/A: Sudan Liberation Movement/Army",,2,"Police Forces of Sudan (1989-2019)",,1,12,,729,"Northern Africa",Sudan,"North Darfur","Um Kadadah",,Burush,13.5358,26.9359,1,"UN (unspecified); Darfur Chronology",Other,"The UN reported an attack by suspected Darfur rebels on a police post in Burush. No casualties reported.",0,,1632244578
SUD2155,"15 September 2004",2004,2,"Political violence",Battles,"Armed clash","SLM/A: Sudan Liberation Movement/Army",,2,"Police Forces of Sudan (1989-2019)",,1,12,,729,"Northern Africa",Sudan,"North Darfur","El Taweisha",,"Umm Katkut",12.5161,26.1474,1,"UN (unspecified); Darfur Chronology",Other,"4 Sudanese police officers were allegedly killed in an attack by Darfur rebels in the town of Liait Jar al-Nabi in Umm Kaddada district.",4,,1632244578
SUD2028,"03 July 2004",2004,2,"Political violence",Battles,"Armed clash","Military Forces of Sudan (1989-2019)",,1,"Unidentified Armed Group (Sudan)",,3,13,,729,"Northern Africa",Sudan,"North Darfur","Saraf Omra",,"Um Sayala",13.5847,23.4103,1,"UN (unspecified); Darfur Chronology",Other,"The UN says insecurity has increased in North Darfur due to fighting between GoS forces and militia groups in Um Sayala.",0,,1579554684
SUD2025,"03 July 2004",2004,2,"Political violence",Battles,"Armed clash","SLM/A: Sudan Liberation Movement/Army",,2,"Military Forces of Sudan (1989-2019)",,1,12,,729,"Northern Africa",Sudan,"East Darfur","Ad Duayn",,"Ed Daein",11.4619,26.1258,2,"AFP; Darfur Chronology",Other-International,"Fighting has intensified in the south of Darfur around Ed Daein.",0,,1632244578
SUD1996,"12 June 2004",2004,2,"Political violence",Battles,"Armed clash","SLM/A: Sudan Liberation Movement/Army",,2,"Military Forces of Sudan (1989-2019)",,1,12,,729,"Northern Africa",Sudan,"South Darfur","Nyala Janoub",,Nyala,12.0556,24.8906,2,"UN (unspecified); Darfur Chronology",Other,"Heavy fightng has been reported south of the North Darfur border.",0,,1632239614
SUD1981,"02 June 2004",2004,2,"Political violence",Battles,"Armed clash","Military Forces of Sudan (1989-2019)",,1,"SLM/A: Sudan Liberation Movement/Army",,2,12,,729,"Northern Africa",Sudan,"North Darfur","Al Malha",,Hainassur,15.0937,26.1452,1,"AFP; Darfur Chronology",Other-International,"600 rebels clashed with GoS troops in Ain Saro in northern Darfur.",0,,1632243620
SUD1902,"27 March 2004",2004,2,"Political violence",Battles,"Armed clash","SLM/A: Sudan Liberation Movement/Army",,2,"Military Forces of Sudan (1989-2019)",,1,12,,729,"Northern Africa",Sudan,"South Darfur","Nyala Janoub",,Nyala,12.0556,24.8906,2,"UN (unspecified); Darfur Chronology",Other,"Heavy fighting reported in South Darfur (specific location not given).",0,,1632239614
SUD1876,"13 March 2004",2004,2,"Political violence",Battles,"Armed clash","Military Forces of Chad (1990-2021)",,8,Janjaweed,,3,38,,729,"Northern Africa",Sudan,"West Darfur","El Geneina",,"El Geneina",13.4413,22.4454,2,"Darfur Chronology; The New Humanitarian",Other-International,"Chadian troops crossed into Darfur to rescue cattle stolen by Janjaweed (specific location not given).",0,,1636413266
SUD1858,"03 March 2004",2004,1,"Political violence",Battles,"Armed clash","Military Forces of Sudan (1989-2019)",Janjaweed,1,"SLM/A: Sudan Liberation Movement/Army",,2,12,,729,"Northern Africa",Sudan,"North Darfur","Al Fasher",,"El Fasher",13.6264,25.3559,1,Reuters,International,"On 3 March 2004, Military Forces of Sudan (1989-2019) and SLM/A: Sudan Liberation Movement/Army engaged in battles in El Fasher (North Darfur, Al Fasher). No fatalities.",0,,1669071217
SUD1841,"21 February 2004",2004,2,"Political violence",Battles,"Armed clash","SLM/A: Sudan Liberation Movement/Army",,2,"Military Forces of Sudan (1989-2019)",,1,12,,729,"Northern Africa",Sudan,"South Darfur","Al Wihda",,"Khazan Jadid",12.9403,25.0653,1,"Darfur Chronology",Other,"SLM/A forces attacked a GoS convoy near Khaza Jadid in South Darfur. 200 rebels attacked the convoy of 700 soldiers, allegedly killing 150 troops and destroying 10 trucks and a tank.",0,,1632244578
SUD1829,"11 February 2004",2004,2,"Political violence",Battles,"Non-state actor overtakes territory","JEM: Justice and Equality Movement",,2,"Military Forces of Sudan (1989-2019)",,1,12,,729,"Northern Africa",Sudan,"West Darfur","El Geneina",,"El Geneina",13.4413,22.4454,2,"AP; Darfur Chronology",Other-International,"JEM rebels claim to have shot down 2 army helicopters, retaken several towns, and cut off the roads to Al Fasher to show that statements made by the government about having ended the Darfur rebellion are false (specific location not given, coded as North Darfur where rebels have been active).",0,,1579554676
SUD1798,"28 January 2004",2004,2,"Political violence",Battles,"Government regains territory","Military Forces of Sudan (1989-2019)",,1,"SLM/A: Sudan Liberation Movement/Army","JEM: Justice and Equality Movement",2,12,,729,"Northern Africa",Sudan,"Central Darfur",Mukjar,,Seru,11.7537,23.279,1,"Darfur Chronology; AFP",Other-International,"The Sudanese army claims to have defeated the Darfur rebels during a major offensive supported by police, pro-government militias, and the Popular Defence Forces, which took back 8 rebel-held positions and strongholds, including Abu Gamrah, Jumaizah, Jirjerah, Um Maraheik, Amberu, and Kernawe (lat/longs not available, grouped at Al Fasher), as well as Ein Seru.",0,,1579554687
SUD1797,"28 January 2004",2004,2,"Political violence",Battles,"Government regains territory","Military Forces of Sudan (1989-2019)",,1,"SLM/A: Sudan Liberation Movement/Army","JEM: Justice and Equality Movement",2,12,,729,"Northern Africa",Sudan,"North Darfur","Al Fasher",,"El Fasher",13.6264,25.3559,3,"Darfur Chronology; AFP",Other-International,"The Sudanese army claims to have defeated the Darfur rebels during a major offensive supported by police, pro-government militias, and the Popular Defence Forces, which took back 8 rebel-held positions and strongholds, including Abu Gamrah, Jumaizah, Jirjerah, Um Maraheik, Amberu, and Kernawe (lat/longs not available, grouped at Al Fasher), as well as Ein Seru.",0,,1632239614
SUD1779,"17 January 2004",2004,1,"Political violence",Battles,"Armed clash","SLM/A: Sudan Liberation Movement/Army","JEM: Justice and Equality Movement",2,"Military Forces of Sudan (1989-2019)",,1,12,,729,"Northern Africa",Sudan,"North Darfur",Tawila,,Tina,13.4822,24.7666,1,"All Africa",International,"On 17 January 2004, SLM/A: Sudan Liberation Movement/Army and Military Forces of Sudan (1989-2019) engaged in battles in Tina (North Darfur, Tawila). There were 500 fatalities.",500,,1669071212
SUD1776,"16 January 2004",2004,1,"Political violence",Battles,"Armed clash","SLM/A: Sudan Liberation Movement/Army","JEM: Justice and Equality Movement",2,"Military Forces of Sudan (1989-2019)",,1,12,,729,"Northern Africa",Sudan,"North Darfur",Tawila,,Tina,13.4822,24.7666,1,"All Africa",International,"On 16 January 2004, SLM/A: Sudan Liberation Movement/Army and Military Forces of Sudan (1989-2019) engaged in battles in Tina (North Darfur, Tawila). No fatalities.",0,,1669071212
SUD1772,"15 January 2004",2004,1,"Political violence",Battles,"Armed clash","SLM/A: Sudan Liberation Movement/Army","JEM: Justice and Equality Movement",2,"Military Forces of Sudan (1989-2019)",,1,12,,729,"Northern Africa",Sudan,"North Darfur",Tawila,,Tina,13.4822,24.7666,1,"All Africa",International,"On 15 January 2004, SLM/A: Sudan Liberation Movement/Army and Military Forces of Sudan (1989-2019) engaged in battles in Tina (North Darfur, Tawila). There were 500 fatalities.",500,,1669071212
SUD1769,"14 January 2004",2004,1,"Political violence",Battles,"Armed clash","SLM/A: Sudan Liberation Movement/Army","JEM: Justice and Equality Movement",2,"Military Forces of Sudan (1989-2019)",,1,12,,729,"Northern Africa",Sudan,"North Darfur",Tawila,,Tina,13.4822,24.7666,1,"All Africa",International,"On 14 January 2004, SLM/A: Sudan Liberation Movement/Army and Military Forces of Sudan (1989-2019) engaged in battles in Tina (North Darfur, Tawila). There were 500 fatalities.",500,,1669071212
SUD1755,"05 January 2004",2004,1,"Political violence",Battles,"Government regains territory","Military Forces of Sudan (1989-2019)",,1,"SLM/A: Sudan Liberation Movement/Army",,2,12,,729,"Northern Africa",Sudan,"North Darfur",Kernoi,,"Abu Gamra",14.3314,23.4122,1,"BBC News; Darfur Chronology",Other-International,"The SLM/A field commander was killed in a major battle over Abu Gamrah in North Darfur. GoS forces took back the town.",1,,1632244578
SUD1754,"03 January 2004",2004,1,"Political violence",Battles,"Armed clash","SLM/A: Sudan Liberation Movement/Army",,2,"Military Forces of Sudan (1989-2019)",,1,12,,729,"Northern Africa",Sudan,"South Darfur",Tulus,,Sharaya,11.1133,24.8886,1,"Darfur Chronology",Other,"Suspected SLM/A rebels killed 6 security officers in an attack on Shiariyah town in South Darfur.",6,,1632243620
SUD1751,"02 January 2004",2004,1,"Political violence",Battles,"Armed clash","SLM/A: Sudan Liberation Movement/Army",,2,"Military Forces of Sudan (1989-2019)",,1,12,,729,"Northern Africa",Sudan,"South Darfur",Tulus,,Sharaya,11.1133,24.8886,1,AFP,International,"On 2 January 2004, SLM/A: Sudan Liberation Movement/Army and Military Forces of Sudan (1989-2019) engaged in battles in Sharaya (South Darfur, Tulus). No fatalities.",0,,1669071211
SUD1750,"01 January 2004",2004,1,"Political violence",Battles,"Non-state actor overtakes territory","Military Forces of Sudan (1989-2019)",,1,"SLM/A: Sudan Liberation Movement/Army",,2,12,,729,"Northern Africa",Sudan,"South Darfur","Nyala Janoub",,Nyala,12.0556,24.8906,1,"BBC News",International,"On 1 January 2004, Military Forces of Sudan (1989-2019) and SLM/A: Sudan Liberation Movement/Army engaged in battles in Nyala (South Darfur, Nyala Janoub). There were 16 fatalities.",16,,1669071214
SUD1727,"28 November 2003",2003,1,"Political violence",Battles,"Armed clash","JEM: Justice and Equality Movement","SLM/A: Sudan Liberation Movement/Army",2,"Militia (Pro-Government)",,3,23,,729,"Northern Africa",Sudan,"West Darfur","El Geneina",,"El Geneina",13.4413,22.4454,1,"The New Humanitarian",International,"Over the last five days, 186 people have been killed in fighting between militias and a rebel group on the outskirts of Junaynah, western Darfur",37,,1636413268
SUD1726,"27 November 2003",2003,1,"Political violence",Battles,"Armed clash","JEM: Justice and Equality Movement","SLM/A: Sudan Liberation Movement/Army",2,"Militia (Pro-Government)",,3,23,,729,"Northern Africa",Sudan,"West Darfur","El Geneina",,"El Geneina",13.4413,22.4454,1,"The New Humanitarian",International,"Over the last five days, 186 people have been killed in fighting between militias and a rebel group on the outskirts of Junaynah, western Darfur",36,,1636413268
SUD1723,"26 November 2003",2003,1,"Political violence",Battles,"Armed clash","JEM: Justice and Equality Movement","SLM/A: Sudan Liberation Movement/Army",2,"Militia (Pro-Government)",,3,23,,729,"Northern Africa",Sudan,"West Darfur","El Geneina",,"El Geneina",13.4413,22.4454,1,"The New Humanitarian",International,"Over the last five days, 186 people have been killed in fighting between militias and a rebel group on the outskirts of Junaynah, western Darfur",36,,1636413268
SUD1719,"25 November 2003",2003,1,"Political violence",Battles,"Armed clash","JEM: Justice and Equality Movement","SLM/A: Sudan Liberation Movement/Army",2,"Militia (Pro-Government)",,3,23,,729,"Northern Africa",Sudan,"West Darfur","El Geneina",,"El Geneina",13.4413,22.4454,1,Reuters,International,"Over the last five days, 186 people have been killed in fighting between militias and a rebel group on the outskirts of Junaynah, western Darfur",37,,1552577648
SUD1718,"24 November 2003",2003,1,"Political violence",Battles,"Armed clash","JEM: Justice and Equality Movement","SLM/A: Sudan Liberation Movement/Army",2,"Militia (Pro-Government)",,3,23,,729,"Northern Africa",Sudan,"West Darfur","El Geneina",,"El Geneina",13.4413,22.4454,1,"The New Humanitarian",International,"Over the last five days, 186 people have been killed in fighting between militias and a rebel group on the outskirts of Junaynah, western Darfur",36,,1636413268
SUD1717,"21 November 2003",2003,1,"Political violence",Battles,"Armed clash","SLM/A: Sudan Liberation Movement/Army",,2,"Police Forces of Sudan (1989-2019)",,1,12,,729,"Northern Africa",Sudan,"South Darfur","Nyala Janoub",,Nyala,12.0556,24.8906,2,"Darfur Chronology; Al Anbaa",Other-International,"SLM/A rebels launched an attack on police in Merinshik (lat/longs unavailable) in South Darfur. At least 5 policemen were captuted.",0,,1632239615
SUD1682,"19 October 2003",2003,2,"Political violence",Battles,"Armed clash","Unidentified Ethnic Militia (Sudan)",,4,"Unidentified Ethnic Militia (Sudan)",,4,44,,729,"Northern Africa",Sudan,"West Darfur","El Geneina",,"El Geneina",13.4413,22.4454,3,AP,International,"Nine Sudanese relief workers for an American aid agency were killed during clashes between 'warring tribes' in West Darfur. Causalities among the combatants not known.",9,,1604354636
SUD1671,"04 October 2003",2003,2,"Political violence",Battles,"Armed clash","Kababeesh Ethnic Militia (Sudan)","Pastoralists (Sudan)",4,"Berti Ethnic Militia (Sudan)","Farmers (Sudan)",4,44,,729,"Northern Africa",Sudan,"North Darfur","Al Fasher",,"El Fasher",13.6264,25.3559,3,"AP; Darfur Chronology",Other-International,"Tribal clashes between Kababeesh (herders) and Berti (farmers) ethnic groups killed 15, after a group of Kababeesh attacked the dwellings of the Berti tribe in Darfur (specific location not given).",15,,1632239615
SUD1658,"03 September 2003",2003,1,"Political violence",Battles,"Armed clash","SLM/A: Sudan Liberation Movement/Army",,2,"Police Forces of Sudan (1989-2019)",,1,12,,729,"Northern Africa",Sudan,"South Darfur","Nyala Janoub",,Nyala,12.0556,24.8906,2,"Darfur Chronology; The New Humanitarian; AFP; AP",Other-International,"18 people were killed during an SLM/A raid on a police station in South Darfur (specific location not given).",18,,1636413266
SUD1602,"07 July 2003",2003,1,"Political violence",Battles,"Armed clash","Maaliya Ethnic Militia (Sudan)",,4,"Rizeigat Ethnic Militia (Sudan)",,4,44,,729,"Northern Africa",Sudan,"South Darfur","Nyala Janoub",,Nyala,12.0556,24.8906,2,"Darfur Chronology; AFP",Other-International,"'Eight killed in tribal clashes between Rizaiqat and Maalia tribes in Adeelah district' (lat/longs not available) in South Darfur.",8,,1632239615
SUD1590,"27 May 2003",2003,1,"Political violence",Battles,"Armed clash","SLM/A: Sudan Liberation Movement/Army",,2,"Military Forces of Sudan (1989-2019)",,1,12,,729,"Northern Africa",Sudan,"North Darfur",Kutum,,Kutum,14.2065,24.6499,1,"AFP; Darfur Chronology",Other-International,"SLM/A claims to have killed 500 GoS troops and taken 300 PoWs during fighting north of Kutum. The GoS has denied this report of the SLM/A destroying an infantry battalion, saying a small recon team was dealing with bandits and that North Darfur is entirely under GoS control.",500,,1579554678
SUD1577,"26 April 2003",2003,2,"Political violence",Battles,"Armed clash","Arab Ethnic Militia (Sudan)",,4,"Masalit Ethnic Militia (Sudan)",,4,44,,729,"Northern Africa",Sudan,"West Darfur","El Geneina",,"El Geneina",13.4413,22.4454,2,"All Africa",International,"'44 people were killed and 22 wounded in clashes between Arab and Masalit in Darfur, near the border with Chad' (specific location not given).",44,,1604354636
SUD1571,"23 April 2003",2003,2,"Political violence",Battles,"Government regains territory","Military Forces of Sudan (1989-2019)",,1,"SLM/A: Sudan Liberation Movement/Army",,2,12,,729,"Northern Africa",Sudan,"West Darfur","El Geneina",,"El Geneina",13.4413,22.4454,2,"Darfur Chronology; AFP",Other-International,"GoS forces seize rebel stronghold in West Darfur (specific location not given). No casualties reported.",0,,1579554683
SUD1569,"30 March 2003",2003,1,"Political violence",Battles,"Armed clash","Darfur Liberation Front",,2,"Military Forces of Sudan (1989-2019)",,1,12,,729,"Northern Africa",Sudan,"North Darfur","Al Fasher",,"El Fasher",13.6264,25.3559,2,AP,International,"The Sudanese army launched an attack on Darfur Liberation Front in Jabel Mara area and freed four hostages.",0,,1632239615
SUD1559,"08 March 2003",2003,2,"Political violence",Battles,"Armed clash","Darfur Liberation Front",,2,"Military Forces of Sudan (1989-2019)",,1,12,,729,"Northern Africa",Sudan,"North Darfur","Al Fasher",,"El Fasher",13.6264,25.3559,2,"Darfur Chronology; AFP",Other-International,"FLD forces claim to have shot down a military helicopter carrying the North Darfur Governor and Armed Forces Chief of Staff. No injuries reported (specific location not given).",0,,1632239615
SUD1542,"24 January 2003",2003,1,"Political violence",Battles,"Non-state actor overtakes territory","Darfur Liberation Front",,2,"Military Forces of Sudan (1989-2019)",,1,12,,729,"Northern Africa",Sudan,"West Darfur",Sirba,,"Jabal Madjugulu",13.7333,22.3167,1,AFP,International,"Darfur Liberation Front forces overtake Jabal Madjugulu from government forces. Specifics of battle not known.",0,,1632244578
